eventID,eventDate,decimalLatitude,decimalLongitude,geodeticDatum,minimumDepthInMeters,maximumDepthInMeters,samplingProtocol,eventUncertaintyInMeters
DE100N3,2015-05-12,49.9613,-124.747,WGS84,0,9,http://dx.doi.org/10.21966/1.566666,10
DE101N1,2015-05-13,50.07902,-124.8509,WGS84,0,9,http://dx.doi.org/10.21966/1.566666,10
DE102N1,2015-05-14,49.99932,-125.1395,WGS84,0,9,http://dx.doi.org/10.21966/1.566666,10
DE103N1,2015-05-15,50.16142,-124.8842,WGS84,0,9,http://dx.doi.org/10.21966/1.566666,10
DE104N1,2015-05-15,50.08007,-124.8511,WGS84,0,9,http://dx.doi.org/10.21966/1.566666,10
DE105N1,2015-05-15,50.11842,-125.07512,WGS84,0,9,http://dx.doi.org/10.21966/1.566666,10
DE106N1,2015-05-16,50.08005,-125.2468,WGS84,0,9,http://dx.doi.org/10.21966/1.566666,10
DE107N1,2015-05-16,50.16412,-125.1602,WGS84,0,9,http://dx.doi.org/10.21966/1.566666,10
DE108N1,2015-05-17,50.08123,-124.8549,WGS84,0,9,http://dx.doi.org/10.21966/1.566666,10
DE109N1,2015-05-18,50.11405,-125.0787,WGS84,0,9,http://dx.doi.org/10.21966/1.566666,10
DE110N1,2015-05-18,50.1659,-124.8888,WGS84,0,9,http://dx.doi.org/10.21966/1.566666,10
DE111N1,2015-05-19,50.34273,-125.0841,WGS84,0,9,http://dx.doi.org/10.21966/1.566666,10
DE112N1,2015-05-20,50.30787,-125.3293,WGS84,0,9,http://dx.doi.org/10.21966/1.566666,10
DE114N1,2015-05-21,50.13705,-125.1175,WGS84,0,9,http://dx.doi.org/10.21966/1.566666,10
DE115N2,2015-05-21,50.18217,-125.1493,WGS84,0,9,http://dx.doi.org/10.21966/1.566666,10
DE116N1,2015-05-23,50.31962,-125.0395,WGS84,0,9,http://dx.doi.org/10.21966/1.566666,10
DE117N1,2015-05-23,50.44365,-125.279,WGS84,0,9,http://dx.doi.org/10.21966/1.566666,10
DE120N2,2015-05-24,50.34655,-125.45602,WGS84,0,9,http://dx.doi.org/10.21966/1.566666,10
DE121N1,2015-05-24,50.30723,-125.33345,WGS84,0,9,http://dx.doi.org/10.21966/1.566666,10
DE124N1,2015-05-25,50.3153,-125.05186,WGS84,0,9,http://dx.doi.org/10.21966/1.566666,10
DE128N4,2015-05-26,50.44466,-125.2804,WGS84,0,9,http://dx.doi.org/10.21966/1.566666,10
DE130N1,2015-05-26,50.30795,-125.32452,WGS84,0,9,http://dx.doi.org/10.21966/1.566666,10
DE137N1,2015-05-28,50.44941,-125.33027,WGS84,0,9,http://dx.doi.org/10.21966/1.566666,10
DE139N1,2015-05-28,50.308839999999996,-125.32275,WGS84,0,9,http://dx.doi.org/10.21966/1.566666,10
DE140N1,2015-05-30,50.10015,-125.27265,WGS84,0,9,http://dx.doi.org/10.21966/1.566666,10
DE143N1,2015-05-31,50.31763,-125.04942,WGS84,0,9,http://dx.doi.org/10.21966/1.566666,10
DE149N1,2015-06-01,50.44527,-125.2774,WGS84,0,9,http://dx.doi.org/10.21966/1.566666,10
DE150N3,2015-06-01,50.34762,-125.45358,WGS84,0,9,http://dx.doi.org/10.21966/1.566666,10
DE151N1,2015-06-01,50.30492,-125.33058,WGS84,0,9,http://dx.doi.org/10.21966/1.566666,10
DE152N3,2015-06-03,50.44217,-125.27406,WGS84,0,9,http://dx.doi.org/10.21966/1.566666,10
DE153N2,2015-06-03,50.34851,-125.44831,WGS84,0,9,http://dx.doi.org/10.21966/1.566666,10
DE154N1,2015-06-03,50.30759,-125.32969,WGS84,0,9,http://dx.doi.org/10.21966/1.566666,10
DE155N1,2015-06-04,50.31954,-125.04247,WGS84,0,9,http://dx.doi.org/10.21966/1.566666,10
DE158N2,2015-06-04,50.07966,-125.24845,WGS84,0,9,http://dx.doi.org/10.21966/1.566666,10
DE160N1,2015-06-05,50.44342,-125.27904,WGS84,0,9,http://dx.doi.org/10.21966/1.566666,10
DE162N1,2015-06-05,50.30771,-125.32864,WGS84,0,9,http://dx.doi.org/10.21966/1.566666,10
DE163N1,2015-06-05,50.19112,-125.14202,WGS84,0,9,http://dx.doi.org/10.21966/1.566666,10
DE168N1,2015-06-07,50.30812,-125.3269,WGS84,0,9,http://dx.doi.org/10.21966/1.566666,10
DE169N2,2015-06-07,50.1915,-125.14292,WGS84,0,9,http://dx.doi.org/10.21966/1.566666,10
DE170N2,2015-06-09,50.30734,-125.33514,WGS84,0,9,http://dx.doi.org/10.21966/1.566666,10
DE173N1,2015-06-09,50.19077,-125.14249,WGS84,0,9,http://dx.doi.org/10.21966/1.566666,10
DE174N1,2015-06-11,50.30806,-125.32972,WGS84,0,9,http://dx.doi.org/10.21966/1.566666,10
DE175N1,2015-06-11,50.19017,-125.14437,WGS84,0,9,http://dx.doi.org/10.21966/1.566666,10
DE182N1,2015-06-13,50.19051,-125.1444,WGS84,0,9,http://dx.doi.org/10.21966/1.566666,10
DE183N2,2015-06-14,50.30767,-125.33023,WGS84,0,9,http://dx.doi.org/10.21966/1.566666,10
DE184N1,2015-06-14,50.347410000000004,-125.45333,WGS84,0,9,http://dx.doi.org/10.21966/1.566666,10
DE192N3,2015-06-16,50.34866,-125.44482000000001,WGS84,0,9,http://dx.doi.org/10.21966/1.566666,10
DE194N1,2015-06-17,50.32119,-125.03856,WGS84,0,9,http://dx.doi.org/10.21966/1.566666,10
DE198N2,2015-06-18,50.34829,-125.45001,WGS84,0,9,http://dx.doi.org/10.21966/1.566666,10
DE199N1,2015-06-18,50.30819,-125.32694,WGS84,0,9,http://dx.doi.org/10.21966/1.566666,10
DE201N1,2015-06-19,50.09809,-125.27142,WGS84,0,9,http://dx.doi.org/10.21966/1.566666,10
DE205N2,2015-06-20,50.34758,-125.4553,WGS84,0,9,http://dx.doi.org/10.21966/1.566666,10
DE206N1,2015-06-20,50.30597,-125.33588,WGS84,0,9,http://dx.doi.org/10.21966/1.566666,10
DE212N2,2015-06-22,50.44949,-125.32427,WGS84,0,9,http://dx.doi.org/10.21966/1.566666,10
DE214N1,2015-06-22,50,-125,WGS84,0,9,http://dx.doi.org/10.21966/1.566666,10
DE217N2,2015-06-23,50.10264,-125.27585,WGS84,0,9,http://dx.doi.org/10.21966/1.566666,10
DE218N1,2015-06-24,50.44045,-125.27069,WGS84,0,9,http://dx.doi.org/10.21966/1.566666,10
DE219N1,2015-06-24,50.34969,-125.44451,WGS84,0,9,http://dx.doi.org/10.21966/1.566666,10
DE220N1,2015-06-24,50.30698,-125.3259,WGS84,0,9,http://dx.doi.org/10.21966/1.566666,10
DE221N1,2015-06-27,50.30702,-125.33509,WGS84,0,9,http://dx.doi.org/10.21966/1.566666,10
DE225N1,2015-06-29,50.34844,-125.44666,WGS84,0,9,http://dx.doi.org/10.21966/1.566666,10
DE226N2,2015-06-29,50.30764,-125.33348,WGS84,0,9,http://dx.doi.org/10.21966/1.566666,10
DE231N2,2015-07-02,50.30377,-125.33768,WGS84,0,9,http://dx.doi.org/10.21966/1.566666,10
DE234N1,2015-07-05,50.34874,-125.44617,WGS84,0,9,http://dx.doi.org/10.21966/1.566666,10
DE236N1,2015-07-06,50.30641,-125.31584,WGS84,0,9,http://dx.doi.org/10.21966/1.566666,10
DE237N1,2015-07-06,50.34825,-125.44895,WGS84,0,9,http://dx.doi.org/10.21966/1.566666,10
DE238N1,2015-07-07,50.34797,-125.45584,WGS84,0,9,http://dx.doi.org/10.21966/1.566666,10
DE239N2,2015-07-07,50.3079,-125.32955,WGS84,0,9,http://dx.doi.org/10.21966/1.566666,10
DE240N1,2015-07-14,50.30717,-125.33303,WGS84,0,9,http://dx.doi.org/10.21966/1.566666,10
DE241N1,2015-07-14,50.34811,-125.454,WGS84,0,9,http://dx.doi.org/10.21966/1.566666,10
DE255N2,2016-05-13,50.023957,-124.914675,WGS84,0,9,http://dx.doi.org/10.21966/1.566666,10
DE258N1,2016-05-13,49.9865,-125.162953,WGS84,0,9,http://dx.doi.org/10.21966/1.566666,10
DE259N1,2016-05-14,50.237386,-125.12002,WGS84,0,9,http://dx.doi.org/10.21966/1.566666,10
DE260N1,2016-05-14,50.32113,-125.040588,WGS84,0,9,http://dx.doi.org/10.21966/1.566666,10
DE261N1,2016-05-14,50.19304,-125.136573,WGS84,0,9,http://dx.doi.org/10.21966/1.566666,10
DE263N1,2016-05-15,50.243454,-125.398108,WGS84,0,9,http://dx.doi.org/10.21966/1.566666,10
DE267N1,2016-05-16,50.393263,-125.373514,WGS84,0,9,http://dx.doi.org/10.21966/1.566666,10
DE269N2,2016-05-18,50.020465,-124.917743,WGS84,0,9,http://dx.doi.org/10.21966/1.566666,10
DE274N1,2016-05-19,50.319977,-125.042165,WGS84,0,9,http://dx.doi.org/10.21966/1.566666,10
DE275N1,2016-05-19,50.241361,-125.119113,WGS84,0,9,http://dx.doi.org/10.21966/1.566666,10
DE276N1,2016-05-19,50.191099,-125.138578,WGS84,0,9,http://dx.doi.org/10.21966/1.566666,10
DE277N1,2016-05-23,50.30908,-125.325703,WGS84,0,9,http://dx.doi.org/10.21966/1.566666,10
DE278N1,2016-05-23,50.274701,-125.377445,WGS84,0,9,http://dx.doi.org/10.21966/1.566666,10
DE279N2,2016-05-23,50.224106,-125.395004,WGS84,0,9,http://dx.doi.org/10.21966/1.566666,10
DE282N1,2016-05-24,50.392115,-125.374782,WGS84,0,9,http://dx.doi.org/10.21966/1.566666,10
DE287N1,2016-05-26,50.190737,-125.143169,WGS84,0,9,http://dx.doi.org/10.21966/1.566666,10
DE288N1,2016-05-27,50.243773,-125.397476,WGS84,0,9,http://dx.doi.org/10.21966/1.566666,10
DE290N2,2016-05-27,50.304166,-125.333511,WGS84,0,9,http://dx.doi.org/10.21966/1.566666,10
DE292N1,2016-06-01,50.308769,-125.326765,WGS84,0,9,http://dx.doi.org/10.21966/1.566666,10
DE293N1,2016-06-01,50.274055,-125.328828,WGS84,0,9,http://dx.doi.org/10.21966/1.566666,10
DE294N1,2016-06-01,50.24565,-125.396035,WGS84,0,9,http://dx.doi.org/10.21966/1.566666,10
DE295N1,2016-06-02,50.347739,-125.45463,WGS84,0,9,http://dx.doi.org/10.21966/1.566666,10
DE296N1,2016-06-02,50.386065,-125.376067,WGS84,0,9,http://dx.doi.org/10.21966/1.566666,10
DE297N1,2016-06-02,50.462513,-125.368231,WGS84,0,9,http://dx.doi.org/10.21966/1.566666,10
DE299N1,2016-06-03,50.239953,-125.126574,WGS84,0,9,http://dx.doi.org/10.21966/1.566666,10
DE300N1,2016-06-03,50.190887,-125.143416,WGS84,0,9,http://dx.doi.org/10.21966/1.566666,10
DE301N1,2016-06-07,50.30436,-125.332956,WGS84,0,9,http://dx.doi.org/10.21966/1.566666,10
DE302N1,2016-06-07,50.242671,-125.398265,WGS84,0,9,http://dx.doi.org/10.21966/1.566666,10
DE303N1,2016-06-08,50.347862,-125.455554,WGS84,0,9,http://dx.doi.org/10.21966/1.566666,10
DE305N2,2016-06-08,50.461604,-125.368943,WGS84,0,9,http://dx.doi.org/10.21966/1.566666,10
DE307N1,2016-06-09,50.31794,-125.050807,WGS84,0,9,http://dx.doi.org/10.21966/1.566666,10
DE308N1,2016-06-09,50.190683,-125.143138,WGS84,0,9,http://dx.doi.org/10.21966/1.566666,10
DE310N2,2016-06-11,50.021998,-124.916211,WGS84,0,9,http://dx.doi.org/10.21966/1.566666,10
DE315N1,2016-06-13,50.391225,-125.365332,WGS84,0,9,http://dx.doi.org/10.21966/1.566666,10
DE320N1,2016-06-14,50.235322,-125.39888,WGS84,0,9,http://dx.doi.org/10.21966/1.566666,10
DE321N1,2016-06-14,50.275083,-125.381356,WGS84,0,9,http://dx.doi.org/10.21966/1.566666,10
DE322N1,2016-06-14,50.307203,-125.332605,WGS84,0,9,http://dx.doi.org/10.21966/1.566666,10
DE327N2,2016-06-16,50.191383,-125.143884,WGS84,0,9,http://dx.doi.org/10.21966/1.566666,10
DE327N1,2016-06-16,50.191383,-125.143884,WGS84,0,9,http://dx.doi.org/10.21966/1.566666,10
DE329N2,2016-06-21,50.30661,-125.335266,WGS84,0,9,http://dx.doi.org/10.21966/1.566666,10
DE335N2,2016-06-22,50.382455,-125.373533,WGS84,0,9,http://dx.doi.org/10.21966/1.566666,10
DE338N1,2016-06-22,50.458706,-125.365059,WGS84,0,9,http://dx.doi.org/10.21966/1.566666,10
DE341N1,2016-06-23,50.24043,-125.119941,WGS84,0,9,http://dx.doi.org/10.21966/1.566666,10
DE344N1,2016-06-24,49.997783,-125.15945,WGS84,0,9,http://dx.doi.org/10.21966/1.566666,10
DE352N1,2016-06-30,50.378699,-125.373927,WGS84,0,9,http://dx.doi.org/10.21966/1.566666,10
DE353N1,2016-06-30,50.348081,-125.455923,WGS84,0,9,http://dx.doi.org/10.21966/1.566666,10
DE355N1,2016-06-30,50.462531,-125.359047,WGS84,0,9,http://dx.doi.org/10.21966/1.566666,10
DE360N1,2016-07-06,50.275178,-125.378066,WGS84,0,9,http://dx.doi.org/10.21966/1.566666,10
DE361N2,2016-07-06,50.307066,-125.322977,WGS84,0,9,http://dx.doi.org/10.21966/1.566666,10
DE364N1,2017-05-23,50.18049002,-125.330849,WGS84,0,9,http://dx.doi.org/10.21966/1.566666,10
DE365N1,2017-05-25,50.309067,-125.3257,WGS84,0,9,http://dx.doi.org/10.21966/1.566666,10
DE366N1,2017-05-26,50.17999062,-125.0189455,WGS84,0,9,http://dx.doi.org/10.21966/1.566666,10
DE367N1,2017-05-29,50.309278,-125.320699,WGS84,0,9,http://dx.doi.org/10.21966/1.566666,10
DE368N1,2017-05-31,50.301803,-125.03049,WGS84,0,9,http://dx.doi.org/10.21966/1.566666,10
DE369N1,2017-06-01,50.305482,-125.024803,WGS84,0,9,http://dx.doi.org/10.21966/1.566666,10
DE370N1,2017-06-05,50.274875,-125.376937,WGS84,0,9,http://dx.doi.org/10.21966/1.566666,10
DE371N1,2017-06-07,50.307761,-125.325384,WGS84,0,9,http://dx.doi.org/10.21966/1.566666,10
DE372N1,2017-06-12,50.3041,-125.33841,WGS84,0,9,http://dx.doi.org/10.21966/1.566666,10
DE376N1,2017-06-13,50.274596,-125.377527,WGS84,0,9,http://dx.doi.org/10.21966/1.566666,10
DE377N1,2017-06-19,50.236254,-125.398402,WGS84,0,9,http://dx.doi.org/10.21966/1.566666,10
DE378N1,2017-06-20,50.304561,-125.337253,WGS84,0,9,http://dx.doi.org/10.21966/1.566666,10
DE373N2,2017-06-26,50.297362,-125.339472,WGS84,0,9,http://dx.doi.org/10.21966/1.566666,10
DE373N1,2017-06-26,50.29725,-125.338485,WGS84,0,9,http://dx.doi.org/10.21966/1.566666,10
DE374N1,2017-06-28,50.434701,-125.26607,WGS84,0,9,http://dx.doi.org/10.21966/1.566666,10
DE379N1,2017-07-04,50.237837,-125.396111,WGS84,0,9,http://dx.doi.org/10.21966/1.566666,10
DE375N1,2017-07-04,50.27485,-125.377707,WGS84,0,9,http://dx.doi.org/10.21966/1.566666,10
DE380N1,2017-07-05,50.307981,-125.320206,WGS84,0,9,http://dx.doi.org/10.21966/1.566666,10
DE381N1,2017-07-10,50.305134,-125.337052,WGS84,0,9,http://dx.doi.org/10.21966/1.566666,10
JE101N1,2015-05-20,50.50535,-126.24163,WGS84,0,9,http://dx.doi.org/10.21966/1.566666,10
JE102N2,2015-05-21,50.47479,-126.03259,WGS84,0,9,http://dx.doi.org/10.21966/1.566666,10
JE104N1,2015-05-22,50.45614,-126.11933,WGS84,0,9,http://dx.doi.org/10.21966/1.566666,10
JE105N2,2015-05-22,50.48078,-126.41037,WGS84,0,9,http://dx.doi.org/10.21966/1.566666,10
JE106N4,2015-05-22,50.52222,-126.39167,WGS84,0,9,http://dx.doi.org/10.21966/1.566666,10
JE107N2,2015-05-23,50.54648,-126.67096,WGS84,0,9,http://dx.doi.org/10.21966/1.566666,10
JE108N2,2015-05-23,50.54039,-126.78096,WGS84,0,9,http://dx.doi.org/10.21966/1.566666,10
JE109N3,2015-05-23,50.55787,-126.73532,WGS84,0,9,http://dx.doi.org/10.21966/1.566666,10
JE110N2,2015-05-24,50.60101,-126.70394,WGS84,0,9,http://dx.doi.org/10.21966/1.566666,10
JE112N1,2015-05-24,50.47696,-126.0273,WGS84,0,9,http://dx.doi.org/10.21966/1.566666,10
JE113N1,2015-05-25,50.49853,-126.21348,WGS84,0,9,http://dx.doi.org/10.21966/1.566666,10
JE114N1,2015-05-25,50.52363,-126.39046,WGS84,0,9,http://dx.doi.org/10.21966/1.566666,10
JE115N1,2015-05-25,50.48103,-126.41291,WGS84,0,9,http://dx.doi.org/10.21966/1.566666,10
JE116N1,2015-05-26,50.45622,-126.11838,WGS84,0,9,http://dx.doi.org/10.21966/1.566666,10
JE117N2,2015-05-26,50.54672,-126.67256,WGS84,0,9,http://dx.doi.org/10.21966/1.566666,10
JE118N1,2015-05-26,50.53989,-126.78256,WGS84,0,9,http://dx.doi.org/10.21966/1.566666,10
JE119N1,2015-05-27,50.55951,-126.75326,WGS84,0,9,http://dx.doi.org/10.21966/1.566666,10
JE122N2,2015-05-27,50.53957,-126.7781,WGS84,0,9,http://dx.doi.org/10.21966/1.566666,10
JE123N3,2015-05-28,50.57078,-126.70066,WGS84,0,9,http://dx.doi.org/10.21966/1.566666,10
JE126N1,2015-05-29,50.4838,-126.01069,WGS84,0,9,http://dx.doi.org/10.21966/1.566666,10
JE128N2,2015-05-30,50.50733,-126.24336,WGS84,0,9,http://dx.doi.org/10.21966/1.566666,10
JE129N3,2015-05-30,50.45679,-126.16458,WGS84,0,9,http://dx.doi.org/10.21966/1.566666,10
JE131N1,2015-05-30,50.48405,-126.3987,WGS84,0,9,http://dx.doi.org/10.21966/1.566666,10
JE132N1,2015-05-31,50.52152,-126.40028,WGS84,0,9,http://dx.doi.org/10.21966/1.566666,10
JE133N1,2015-05-31,50.54605,-126.66218,WGS84,0,9,http://dx.doi.org/10.21966/1.566666,10
JE134N1,2015-05-31,50.53808,-126.77494,WGS84,0,9,http://dx.doi.org/10.21966/1.566666,10
JE136N1,2015-06-01,50.60051,-126.70319,WGS84,0,9,http://dx.doi.org/10.21966/1.566666,10
JE137N1,2015-06-01,50.57871,-126.72129,WGS84,0,9,http://dx.doi.org/10.21966/1.566666,10
JE138N1,2015-06-01,50.55853,-126.73145,WGS84,0,9,http://dx.doi.org/10.21966/1.566666,10
JE139N1,2015-06-02,50.50763,-126.24218,WGS84,0,9,http://dx.doi.org/10.21966/1.566666,10
JE140N1,2015-06-02,50.45649,-126.16619,WGS84,0,9,http://dx.doi.org/10.21966/1.566666,10
JE142N1,2015-06-03,50.48189,-126.01128,WGS84,0,9,http://dx.doi.org/10.21966/1.566666,10
JE143N1,2015-06-03,50.48072,-126.40915,WGS84,0,9,http://dx.doi.org/10.21966/1.566666,10
JE145N1,2015-06-03,50.53944,-126.78254,WGS84,0,9,http://dx.doi.org/10.21966/1.566666,10
JE146N1,2015-06-04,50.52232,-126.39556,WGS84,0,9,http://dx.doi.org/10.21966/1.566666,10
JE147N1,2015-06-04,50.54216,-126.63511,WGS84,0,9,http://dx.doi.org/10.21966/1.566666,10
JE148N3,2015-06-04,50.5956,-126.69022,WGS84,0,9,http://dx.doi.org/10.21966/1.566666,10
JE149N1,2015-06-05,50.55855,-126.73248,WGS84,0,9,http://dx.doi.org/10.21966/1.566666,10
JE150N1,2015-06-05,50.56784,-126.69728,WGS84,0,9,http://dx.doi.org/10.21966/1.566666,10
JE152N1,2015-06-06,50.45987,-126.16961,WGS84,0,9,http://dx.doi.org/10.21966/1.566666,10
JE154N1,2015-06-07,50.47794,-126.02803,WGS84,0,9,http://dx.doi.org/10.21966/1.566666,10
JE155N1,2015-06-07,50.49983,-126.20581,WGS84,0,9,http://dx.doi.org/10.21966/1.566666,10
JE157N2,2015-06-07,50.47923,-126.41485,WGS84,0,9,http://dx.doi.org/10.21966/1.566666,10
JE159N1,2015-06-07,50.539,-126.7781,WGS84,0,9,http://dx.doi.org/10.21966/1.566666,10
JE160N1,2015-06-08,50.52411,-126.39107,WGS84,0,9,http://dx.doi.org/10.21966/1.566666,10
JE161N1,2015-06-08,50.54418,-126.63202,WGS84,0,9,http://dx.doi.org/10.21966/1.566666,10
JE162N1,2015-06-08,50.57687,-126.72184,WGS84,0,9,http://dx.doi.org/10.21966/1.566666,10
JE163N1,2015-06-09,50.59537,-126.69062,WGS84,0,9,http://dx.doi.org/10.21966/1.566666,10
JE165N1,2015-06-11,50.50008,-126.20937,WGS84,0,9,http://dx.doi.org/10.21966/1.566666,10
JE166N1,2015-06-11,50.45951,-126.16958,WGS84,0,9,http://dx.doi.org/10.21966/1.566666,10
JE168N1,2015-06-12,50.47959,-126.02629,WGS84,0,9,http://dx.doi.org/10.21966/1.566666,10
JE171N2,2015-06-13,50.53988,-126.78291,WGS84,0,9,http://dx.doi.org/10.21966/1.566666,10
JE172N4,2015-06-14,50.47679,-126.02843,WGS84,0,9,http://dx.doi.org/10.21966/1.566666,10
JE173N1,2015-06-14,50.45698,-126.16944,WGS84,0,9,http://dx.doi.org/10.21966/1.566666,10
JE174N1,2015-06-14,50.49881,-126.21349,WGS84,0,9,http://dx.doi.org/10.21966/1.566666,10
JE175N1,2015-06-15,50.52618,-126.38632,WGS84,0,9,http://dx.doi.org/10.21966/1.566666,10
JE176N2,2015-06-15,50.48035,-126.41265,WGS84,0,9,http://dx.doi.org/10.21966/1.566666,10
JE177N2,2015-06-15,50.54719,-126.67487,WGS84,0,9,http://dx.doi.org/10.21966/1.566666,10
JE178N1,2015-06-15,50.55792,-126.73617,WGS84,0,9,http://dx.doi.org/10.21966/1.566666,10
JE179N1,2015-06-16,50.58185,-126.71983,WGS84,0,9,http://dx.doi.org/10.21966/1.566666,10
JE180N2,2015-06-16,50.59549,-126.69036,WGS84,0,9,http://dx.doi.org/10.21966/1.566666,10
JE181N2,2015-06-16,50.54327,-126.81252,WGS84,0,9,http://dx.doi.org/10.21966/1.566666,10
JE182N1,2015-06-17,50.52491,-126.38617,WGS84,0,9,http://dx.doi.org/10.21966/1.566666,10
JE183N1,2015-06-17,50.47943,-126.41631,WGS84,0,9,http://dx.doi.org/10.21966/1.566666,10
JE184N1,2015-06-17,50.5463,-126.66727,WGS84,0,9,http://dx.doi.org/10.21966/1.566666,10
JE185N1,2015-06-18,50.47909,-126.02584,WGS84,0,9,http://dx.doi.org/10.21966/1.566666,10
JE186N1,2015-06-18,50.45747,-126.16879,WGS84,0,9,http://dx.doi.org/10.21966/1.566666,10
JE187N1,2015-06-18,50.49921,-126.20961,WGS84,0,9,http://dx.doi.org/10.21966/1.566666,10
JE188N1,2015-06-18,50.58086,-126.72272,WGS84,0,9,http://dx.doi.org/10.21966/1.566666,10
JE189N2,2015-06-19,50.54362,-126.81951,WGS84,0,9,http://dx.doi.org/10.21966/1.566666,10
JE190N1,2015-06-19,50.55814,-126.73386,WGS84,0,9,http://dx.doi.org/10.21966/1.566666,10
JE191N1,2015-06-19,50.60263,-126.70188,WGS84,0,9,http://dx.doi.org/10.21966/1.566666,10
JE192N1,2015-06-20,50.5194,-126.40831,WGS84,0,9,http://dx.doi.org/10.21966/1.566666,10
JE193N1,2015-06-20,50.48001,-126.41469,WGS84,0,9,http://dx.doi.org/10.21966/1.566666,10
JE195N1,2015-06-20,50.45804,-126.16997,WGS84,0,9,http://dx.doi.org/10.21966/1.566666,10
JE196N1,2015-06-21,50.4763,-126.02838,WGS84,0,9,http://dx.doi.org/10.21966/1.566666,10
JE197N1,2015-06-21,50.49608,-126.21645,WGS84,0,9,http://dx.doi.org/10.21966/1.566666,10
JE198N2,2015-06-21,50.55821,-126.73327,WGS84,0,9,http://dx.doi.org/10.21966/1.566666,10
JE199N2,2015-06-23,50.54774,-126.67774,WGS84,0,9,http://dx.doi.org/10.21966/1.566666,10
JE200N1,2015-06-23,50.58209,-126.71978,WGS84,0,9,http://dx.doi.org/10.21966/1.566666,10
JE201N3,2015-06-23,50.60237,-126.70219,WGS84,0,9,http://dx.doi.org/10.21966/1.566666,10
JE202N1,2015-06-23,50.54414,-126.81843,WGS84,0,9,http://dx.doi.org/10.21966/1.566666,10
JE203N1,2015-06-24,50.47705,-126.02871,WGS84,0,9,http://dx.doi.org/10.21966/1.566666,10
JE204N2,2015-06-24,50.45524,-126.11718,WGS84,0,9,http://dx.doi.org/10.21966/1.566666,10
JE205N1,2015-06-24,50.49837,-126.21404,WGS84,0,9,http://dx.doi.org/10.21966/1.566666,10
JE206N2,2015-06-24,50.4787,-126.41567,WGS84,0,9,http://dx.doi.org/10.21966/1.566666,10
JE207N2,2015-06-27,50.55961,-126.7542,WGS84,0,9,http://dx.doi.org/10.21966/1.566666,10
JE208N2,2015-06-27,50.58165,-126.71952,WGS84,0,9,http://dx.doi.org/10.21966/1.566666,10
JE209N1,2015-06-27,50.5438,-126.81988,WGS84,0,9,http://dx.doi.org/10.21966/1.566666,10
JE210N2,2015-06-28,50.60255,-126.70201,WGS84,0,9,http://dx.doi.org/10.21966/1.566666,10
JE211N1,2015-06-28,50.54277,-126.64149,WGS84,0,9,http://dx.doi.org/10.21966/1.566666,10
JE212N1,2015-06-29,50.47895,-126.41667,WGS84,0,9,http://dx.doi.org/10.21966/1.566666,10
JE213N1,2015-06-29,50.45942,-126.16916,WGS84,0,9,http://dx.doi.org/10.21966/1.566666,10
JE216N1,2015-07-01,50.55809,-126.73246,WGS84,0,9,http://dx.doi.org/10.21966/1.566666,10
JE217N1,2015-07-01,50.54703,-126.67197,WGS84,0,9,http://dx.doi.org/10.21966/1.566666,10
JE218N1,2015-07-01,50.54329,-126.8169,WGS84,0,9,http://dx.doi.org/10.21966/1.566666,10
JE231N1,2016-05-20,50.506881,-126.247378,WGS84,0,9,http://dx.doi.org/10.21966/1.566666,10
JE233N1,2016-05-21,50.473969,-126.247378,WGS84,0,9,http://dx.doi.org/10.21966/1.566666,10
JE234N2,2016-05-21,50.458043,-126.152637,WGS84,0,9,http://dx.doi.org/10.21966/1.566666,10
JE236N1,2016-05-21,50.480359,-126.412275,WGS84,0,9,http://dx.doi.org/10.21966/1.566666,10
JE237N1,2016-05-22,50.543296,-126.816816,WGS84,0,9,http://dx.doi.org/10.21966/1.566666,10
JE238N1,2016-05-22,50.558361,-126.732241,WGS84,0,9,http://dx.doi.org/10.21966/1.566666,10
JE240N1,2016-05-22,50.601718,-126.701857,WGS84,0,9,http://dx.doi.org/10.21966/1.566666,10
JE243N2,2016-05-26,50.522967,-126.377383,WGS84,0,9,http://dx.doi.org/10.21966/1.566666,10
JE244N1,2016-05-26,50.495266,-126.211667,WGS84,0,9,http://dx.doi.org/10.21966/1.566666,10
JE245N2,2016-05-27,50.477037,-126.028592,WGS84,0,9,http://dx.doi.org/10.21966/1.566666,10
JE246N1,2016-05-27,50.4559,-126.1191,WGS84,0,9,http://dx.doi.org/10.21966/1.566666,10
JE248N1,2016-05-27,50.543432,-126.8134,WGS84,0,9,http://dx.doi.org/10.21966/1.566666,10
JE249N1,2016-05-27,50.576696,-126.721158,WGS84,0,9,http://dx.doi.org/10.21966/1.566666,10
JE250N2,2016-05-28,50.60125,-126.704457,WGS84,0,9,http://dx.doi.org/10.21966/1.566666,10
JE251N1,2016-05-28,50.545897,-126.668909,WGS84,0,9,http://dx.doi.org/10.21966/1.566666,10
JE252N1,2016-06-01,50.60125,-126.704457,WGS84,0,9,http://dx.doi.org/10.21966/1.566666,10
JE253N1,2016-06-01,50.576696,-126.721158,WGS84,0,9,http://dx.doi.org/10.21966/1.566666,10
JE254N1,2016-06-02,50.477038,-126.028566,WGS84,0,9,http://dx.doi.org/10.21966/1.566666,10
JE255N2,2016-06-02,50.543432,-126.8134,WGS84,0,9,http://dx.doi.org/10.21966/1.566666,10
JE256N1,2016-06-02,50.540979,-126.78085,WGS84,0,9,http://dx.doi.org/10.21966/1.566666,10
JE257N1,2016-06-03,50.507301,-126.24325,WGS84,0,9,http://dx.doi.org/10.21966/1.566666,10
JE258N1,2016-06-03,50.459012,-126.1695,WGS84,0,9,http://dx.doi.org/10.21966/1.566666,10
JE259N3,2016-06-04,50.458983,-126.169594,WGS84,0,9,http://dx.doi.org/10.21966/1.566666,10
JE261N1,2016-06-04,50.543029,-126.632233,WGS84,0,9,http://dx.doi.org/10.21966/1.566666,10
JE262N1,2016-06-09,50.544941,-126.816489,WGS84,0,9,http://dx.doi.org/10.21966/1.566666,10
JE263N1,2016-06-09,50.55543,-126.724521,WGS84,0,9,http://dx.doi.org/10.21966/1.566666,10
JE264N1,2016-06-09,50.602327,-126.701507,WGS84,0,9,http://dx.doi.org/10.21966/1.566666,10
JE265N1,2016-06-10,50.5771,-126.721684,WGS84,0,9,http://dx.doi.org/10.21966/1.566666,10
JE266N1,2016-06-10,50.547475,-126.676942,WGS84,0,9,http://dx.doi.org/10.21966/1.566666,10
JE267N1,2016-06-10,50.51821,-126.406079,WGS84,0,9,http://dx.doi.org/10.21966/1.566666,10
JE268N1,2016-06-10,50.480214,-126.4142,WGS84,0,9,http://dx.doi.org/10.21966/1.566666,10
JE269N1,2016-06-11,50.476173,-126.029443,WGS84,0,9,http://dx.doi.org/10.21966/1.566666,10
JE270N1,2016-06-11,50.456683,-126.153895,WGS84,0,9,http://dx.doi.org/10.21966/1.566666,10
JE271N1,2016-06-11,50.500269,-126.209365,WGS84,0,9,http://dx.doi.org/10.21966/1.566666,10
JE272N2,2016-06-17,50.602051,-126.704553,WGS84,0,9,http://dx.doi.org/10.21966/1.566666,10
JE273N1,2016-06-17,50.579213,-126.71432,WGS84,0,9,http://dx.doi.org/10.21966/1.566666,10
JE274N2,2016-06-18,50.579393,-126.714162,WGS84,0,9,http://dx.doi.org/10.21966/1.566666,10
JE276N1,2016-06-18,50.546326,-126.669166,WGS84,0,9,http://dx.doi.org/10.21966/1.566666,10
JE282N1,2016-06-19,50.506323,-126.241304,WGS84,0,9,http://dx.doi.org/10.21966/1.566666,10
JE283N1,2016-06-20,50.455728,-126.116461,WGS84,0,9,http://dx.doi.org/10.21966/1.566666,10
JE285N1,2016-06-23,50.55803,-126.73463,WGS84,0,9,http://dx.doi.org/10.21966/1.566666,10
JE286N1,2016-06-23,50.55803,-126.73463,WGS84,0,9,http://dx.doi.org/10.21966/1.566666,10
JE288N1,2016-06-24,50.6017,-126.70318,WGS84,0,9,http://dx.doi.org/10.21966/1.566666,10
JE290N2,2016-06-24,50.4806,-126.40961,WGS84,0,9,http://dx.doi.org/10.21966/1.566666,10
JE291N1,2016-06-25,50.47508,-126.03392,WGS84,0,9,http://dx.doi.org/10.21966/1.566666,10
JE292N1,2016-06-25,50.45733,-126.16553,WGS84,0,9,http://dx.doi.org/10.21966/1.566666,10
JE293N2,2016-06-25,50.49874,-126.21257,WGS84,0,9,http://dx.doi.org/10.21966/1.566666,10
JE298N1,2016-07-04,50.543818,-126.794456,WGS84,0,9,http://dx.doi.org/10.21966/1.566666,10
JE302N1,2016-07-05,50.456886,-126.162647,WGS84,0,9,http://dx.doi.org/10.21966/1.566666,10
JE303N1,2016-07-06,50.457049,-126.162651,WGS84,0,9,http://dx.doi.org/10.21966/1.566666,10
JE304N2,2017-06-06,50.54522,-126.65949,WGS84,0,9,http://dx.doi.org/10.21966/1.566666,10
JE305N1,2017-06-06,50.6022,-126.70567,WGS84,0,9,http://dx.doi.org/10.21966/1.566666,10
JE306N1,2017-06-13,50.5438,-126.80927,WGS84,0,9,http://dx.doi.org/10.21966/1.566666,10
JE307N1,2017-06-14,50.54411,-126.65398,WGS84,0,9,http://dx.doi.org/10.21966/1.566666,10
JE308N1,2017-06-20,50.60233,-126.70309,WGS84,0,9,http://dx.doi.org/10.21966/1.566666,10
JE309N1,2017-06-21,50.54487,-126.81252,WGS84,0,9,http://dx.doi.org/10.21966/1.566666,10
JE310N2,2017-06-27,50.54582,-126.81618,WGS84,0,9,http://dx.doi.org/10.21966/1.566666,10
JE310N1,2017-06-27,50.54574,-126.81679,WGS84,0,9,http://dx.doi.org/10.21966/1.566666,10
JE311N5,2017-06-28,50.60278,-126.70284,WGS84,0,9,http://dx.doi.org/10.21966/1.566666,10
JE314N1,2017-07-06,50.54372,-126.81769,WGS84,0,9,http://dx.doi.org/10.21966/1.566666,10
JE312N1,2017-07-07,50.54505,-126.65729,WGS84,0,9,http://dx.doi.org/10.21966/1.566666,10
DE506N1,2018-05-14,50.18167,-125.1523,WGS84,0,9,http://dx.doi.org/10.21966/1.566666,10
DE510N1,2018-05-15,50.309206,-125.323291,WGS84,0,9,http://dx.doi.org/10.21966/1.566666,10
DE516N2,2018-05-17,50.316117,-125.052167,WGS84,0,9,http://dx.doi.org/10.21966/1.566666,10
JE402N1,2018-05-21,50.53927,-126.78078,WGS84,0,9,http://dx.doi.org/10.21966/1.566666,10
DE517N2,2018-05-22,50.31006,-125.317963,WGS84,0,9,http://dx.doi.org/10.21966/1.566666,10
DE531N1,2018-05-23,50.271333,-125.368,WGS84,0,9,http://dx.doi.org/10.21966/1.566666,10
DE512N1,2018-05-24,50.316807,-125.050581,WGS84,0,9,http://dx.doi.org/10.21966/1.566666,10
DE513N2,2018-05-28,50.30705,-125.332333,WGS84,0,9,http://dx.doi.org/10.21966/1.566666,10
DE519N1,2018-05-29,50.27045,-125.3656,WGS84,0,9,http://dx.doi.org/10.21966/1.566666,10
DE514N1,2018-05-30,50.440686,-125.294356,WGS84,0,9,http://dx.doi.org/10.21966/1.566666,10
JE417N1,2018-05-31,50.54342,-126.81474,WGS84,0,9,http://dx.doi.org/10.21966/1.566666,10
JE418N1,2018-06-03,50.54561,-126.66166,WGS84,0,9,http://dx.doi.org/10.21966/1.566666,10
DE520N3,2018-06-04,50.306917,-125.3288,WGS84,0,9,http://dx.doi.org/10.21966/1.566666,10
DE521N1,2018-06-05,50.267967,-125.358733,WGS84,0,9,http://dx.doi.org/10.21966/1.566666,10
JE414N1,2018-06-07,50.54387,-126.80852,WGS84,0,9,http://dx.doi.org/10.21966/1.566666,10
DE522N1,2018-06-07,50.443485,-125.28775,WGS84,0,9,http://dx.doi.org/10.21966/1.566666,10
DE523N3,2018-06-11,50.30345,-125.33885,WGS84,0,9,http://dx.doi.org/10.21966/1.566666,10
JE415N2,2018-06-12,50.60197,-126.70232,WGS84,0,9,http://dx.doi.org/10.21966/1.566666,10
DE525N1,2018-06-12,50.233733,-125.395717,WGS84,0,9,http://dx.doi.org/10.21966/1.566666,10
JE419N1,2018-06-14,50.54416,-126.80831,WGS84,0,9,http://dx.doi.org/10.21966/1.566666,10
DE527N3,2018-06-18,50.308417,-125.3309,WGS84,0,9,http://dx.doi.org/10.21966/1.566666,10
DE530N2,2018-06-19,50.239,-125.401233,WGS84,0,9,http://dx.doi.org/10.21966/1.566666,10
JE420N1,2018-06-20,50.60216,-126.70131,WGS84,0,9,http://dx.doi.org/10.21966/1.566666,10
DE532N3,2018-06-20,50.435,-125.263767,WGS84,0,9,http://dx.doi.org/10.21966/1.566666,10
JE421N2,2018-06-21,50.54314,-126.81464,WGS84,0,9,http://dx.doi.org/10.21966/1.566666,10
JE421N1,2018-06-21,50.54372,-126.81902,WGS84,0,9,http://dx.doi.org/10.21966/1.566666,10
JE422N2,2018-06-23,50.54267,-126.65017,WGS84,0,9,http://dx.doi.org/10.21966/1.566666,10
JE422N1,2018-06-23,50.54477,-126.65859,WGS84,0,9,http://dx.doi.org/10.21966/1.566666,10
DE533N2,2018-06-25,50.29995,-125.341167,WGS84,0,9,http://dx.doi.org/10.21966/1.566666,10
DE534N2,2018-06-26,50.26815,-125.360967,WGS84,0,9,http://dx.doi.org/10.21966/1.566666,10
DE535N1,2018-06-27,50.438867,-125.267883,WGS84,0,9,http://dx.doi.org/10.21966/1.566666,10
JE423N2,2018-06-28,50.54343,-126.81577,WGS84,0,9,http://dx.doi.org/10.21966/1.566666,10
JE423N1,2018-06-28,50.54327,-126.81796,WGS84,0,9,http://dx.doi.org/10.21966/1.566666,10
DE537N1,2018-07-03,50.3092,-125.325,WGS84,0,9,http://dx.doi.org/10.21966/1.566666,10
JE426N1,2018-07-03,50.54591,-126.6658,WGS84,0,9,http://dx.doi.org/10.21966/1.566666,10
DE538N2,2018-07-04,50.268783,-125.358283,WGS84,0,9,http://dx.doi.org/10.21966/1.566666,10
JE427N1,2018-07-04,50.54367,-126.81252,WGS84,0,9,http://dx.doi.org/10.21966/1.566666,10
DE539N2,2018-07-05,50.435883,-125.264217,WGS84,0,9,http://dx.doi.org/10.21966/1.566666,10
JE428N1,2018-07-09,50.54549,-126.6642,WGS84,0,9,http://dx.doi.org/10.21966/1.566666,10
JE429N1,2018-07-09,50.54308,-126.81553,WGS84,0,9,http://dx.doi.org/10.21966/1.566666,10
DE540N1,2018-07-17,50.309033,-125.323467,WGS84,0,9,http://dx.doi.org/10.21966/1.566666,10
DE541N1,2018-08-01,50.30655,-125.33625,WGS84,0,9,http://dx.doi.org/10.21966/1.566666,10
DE607N1,2019-05-21,50.31025,-125.320467,WGS84,0,9,http://dx.doi.org/10.21966/1.566666,10
DE608N1,2019-05-22,50.2688,-125.357533,WGS84,0,9,http://dx.doi.org/10.21966/1.566666,10
DE609N1,2019-05-23,50.442683,-125.277333,WGS84,0,9,http://dx.doi.org/10.21966/1.566666,10
DE610N1,2019-05-25,50.305683,-125.3377,WGS84,0,9,http://dx.doi.org/10.21966/1.566666,10
JE506N1,2019-05-26,50.54025,-126.78289,WGS84,0,9,http://dx.doi.org/10.21966/1.566666,10
DE612N1,2019-05-26,50.2692,-125.360867,WGS84,0,9,http://dx.doi.org/10.21966/1.566666,10
DE613N3,2019-05-26,50.2453,-125.395267,WGS84,0,9,http://dx.doi.org/10.21966/1.566666,10
DE614N3,2019-05-28,50.304033,-125.3394,WGS84,0,9,http://dx.doi.org/10.21966/1.566666,10
JE508N1,2019-05-29,50.60181,-126.70432,WGS84,0,9,http://dx.doi.org/10.21966/1.566666,10
DE617N1,2019-05-29,50.275033,-125.378217,WGS84,0,9,http://dx.doi.org/10.21966/1.566666,10
JE509N2,2019-05-30,50.54062,-126.78237,WGS84,0,9,http://dx.doi.org/10.21966/1.566666,10
JE510N3,2019-05-31,50.54615,-126.6701,WGS84,0,9,http://dx.doi.org/10.21966/1.566666,10
DE620N1,2019-06-01,50.271417,-125.366183,WGS84,0,9,http://dx.doi.org/10.21966/1.566666,10
DE621N2,2019-06-02,50.308533,-125.3281,WGS84,0,9,http://dx.doi.org/10.21966/1.566666,10
DE623N1,2019-06-03,50.457167,-125.262433,WGS84,0,9,http://dx.doi.org/10.21966/1.566666,10
DE624N1,2019-06-04,50.274683,-125.377683,WGS84,0,9,http://dx.doi.org/10.21966/1.566666,10
DE626N1,2019-06-05,50.3055,-125.3351,WGS84,0,9,http://dx.doi.org/10.21966/1.566666,10
JE511N1,2019-06-05,50.53986,-126.77921,WGS84,0,9,http://dx.doi.org/10.21966/1.566666,10
JE514N1,2019-06-06,50.54037,-126.78188,WGS84,0,9,http://dx.doi.org/10.21966/1.566666,10
JE515N1,2019-06-06,50.6018,-126.70077,WGS84,0,9,http://dx.doi.org/10.21966/1.566666,10
DE627N1,2019-06-06,50.44365,-125.27435,WGS84,0,9,http://dx.doi.org/10.21966/1.566666,10
JE516N1,2019-06-09,50.5447,-126.66235,WGS84,0,9,http://dx.doi.org/10.21966/1.566666,10
JE517N1,2019-06-10,50.54026,-126.78209,WGS84,0,9,http://dx.doi.org/10.21966/1.566666,10
DE628N3,2019-06-10,50.303733,-125.3323,WGS84,0,9,http://dx.doi.org/10.21966/1.566666,10
JE518N1,2019-06-11,50.54608,-126.66772,WGS84,0,9,http://dx.doi.org/10.21966/1.566666,10
DE629N1,2019-06-11,50.2772,-125.376983,WGS84,0,9,http://dx.doi.org/10.21966/1.566666,10
DE630N1,2019-06-11,50.243817,-125.3971,WGS84,0,9,http://dx.doi.org/10.21966/1.566666,10
DE631N1,2019-06-12,50.43845,-125.267033,WGS84,0,9,http://dx.doi.org/10.21966/1.566666,10
JE519N1,2019-06-16,50.5392,-126.77885,WGS84,0,9,http://dx.doi.org/10.21966/1.566666,10
DE632N2,2019-06-17,50.30785,-125.329683,WGS84,0,9,http://dx.doi.org/10.21966/1.566666,10
DE633N2,2019-06-18,50.275117,-125.37835,WGS84,0,9,http://dx.doi.org/10.21966/1.566666,10
DE634N1,2019-06-20,50.456533,-125.268783,WGS84,0,9,http://dx.doi.org/10.21966/1.566666,10
DE636N2,2019-06-24,50.309833,-125.330533,WGS84,0,9,http://dx.doi.org/10.21966/1.566666,10
JE522N2,2019-06-24,50.53825,-126.77136,WGS84,0,9,http://dx.doi.org/10.21966/1.566666,10
DE638N1,2019-06-25,50.272117,-125.37515,WGS84,0,9,http://dx.doi.org/10.21966/1.566666,10
DE639N2,2019-06-25,50.23995,-125.396583,WGS84,0,9,http://dx.doi.org/10.21966/1.566666,10
DE641N2,2019-06-26,50.457617,-125.2586,WGS84,0,9,http://dx.doi.org/10.21966/1.566666,10
JE524N2,2019-06-28,50.60129,-126.70315,WGS84,0,9,http://dx.doi.org/10.21966/1.566666,10
JE525N2,2019-06-29,50.53973,-126.77827,WGS84,0,9,http://dx.doi.org/10.21966/1.566666,10
DE642N2,2019-07-02,50.304533,-125.336083,WGS84,0,9,http://dx.doi.org/10.21966/1.566666,10
DE642N3,2019-07-02,50.308817,-125.325983,WGS84,0,9,http://dx.doi.org/10.21966/1.566666,10
DE643N1,2019-07-03,50.2727,-125.376983,WGS84,0,9,http://dx.doi.org/10.21966/1.566666,10
DE644N3,2019-07-03,50.23085,-125.394533,WGS84,0,9,http://dx.doi.org/10.21966/1.566666,10
JE526N1,2019-07-04,50.54523,-126.66216,WGS84,0,9,http://dx.doi.org/10.21966/1.566666,10
DE646N3,2019-07-04,50.456867,-125.26715,WGS84,0,9,http://dx.doi.org/10.21966/1.566666,10
JE527N1,2019-07-06,50.53932,-126.78125,WGS84,0,9,http://dx.doi.org/10.21966/1.566666,10
DE647N3,2019-07-08,50.312667,-125.32365,WGS84,0,9,http://dx.doi.org/10.21966/1.566666,10
DE648N1,2019-07-09,50.26936667,-125.3628167,WGS84,0,9,http://dx.doi.org/10.21966/1.566666,10
JE528N2,2019-07-09,50.54428,-126.6545,WGS84,0,9,http://dx.doi.org/10.21966/1.566666,10
JE529N3,2019-07-11,50.54053,-126.78,WGS84,0,9,http://dx.doi.org/10.21966/1.566666,10
DE651N1,2019-07-11,50.4573,-125.265333,WGS84,0,9,http://dx.doi.org/10.21966/1.566666,10
DE652N1,2019-07-22,50.308483,-125.324317,WGS84,0,9,http://dx.doi.org/10.21966/1.566666,10
DE536N1,NA,50.298867,-125.337917,WGS84,0,9,http://dx.doi.org/10.21966/1.566666,10
DE616N1,NA,50.45645,-125.2677,WGS84,0,9,http://dx.doi.org/10.21966/1.566666,10
DE619N2,NA,50.45715,-125.268117,WGS84,0,9,http://dx.doi.org/10.21966/1.566666,10
