seine_id,survey_id,lat,long,set_time,so_total,so_taken,pi_total,pi_taken,cu_total,cu_taken,co_total,co_taken,he_total,he_taken,ck_total,ck_taken
DE100N3,DE100,49.9613,-124.747,2015-05-12 11:40:00 PDT,NA,30,0,0,NA,10,NA,1,NA,2,NA,NA
DE101N1,DE101,50.07902,-124.8509,2015-05-13 09:49:00 PDT,400,30,0,0,40,10,0,0,0,0,NA,NA
DE102N1,DE102,49.99932,-125.1395,2015-05-14 07:38:00 PDT,300,30,0,0,0,0,0,0,10,7,NA,NA
DE103N1,DE103,50.16142,-124.8842,2015-05-15 07:50:00 PDT,200,30,1,1,6,5,0,0,0,0,NA,NA
DE104N1,DE104,50.08007,-124.8511,2015-05-15 10:21:00 PDT,300,30,0,0,10,10,0,0,1,1,NA,NA
DE105N1,DE105,50.11842,-125.07512,2015-05-15 13:28:00 PDT,40,30,0,0,20,10,0,0,2,2,NA,NA
DE106N1,DE106,50.08005,-125.2468,2015-05-16 08:00:00 PDT,600,30,2,2,1000,10,4,4,0,0,NA,NA
DE107N1,DE107,50.16412,-125.1602,2015-05-16 12:30:00 PDT,500,30,1,1,300,10,1,1,10,10,NA,NA
DE108N1,DE108,50.08123,-124.8549,2015-05-17 09:00:00 PDT,8,8,0,0,90,10,0,0,0,0,NA,NA
DE109N1,DE109,50.11405,-125.0787,2015-05-18 07:30:00 PDT,70,30,0,0,10,1,0,0,2,2,NA,NA
DE110N1,DE110,50.1659,-124.8888,2015-05-18 11:30:00 PDT,6,6,1,1,30,10,0,0,0,0,NA,NA
DE111N1,DE111,50.34273,-125.0841,2015-05-19 10:30:00 PDT,200,30,2,2,100,10,6,2,10,5,NA,NA
DE112N1,DE112,50.30787,-125.3293,2015-05-20 08:00:00 PDT,200,30,0,0,30,10,1,1,30,10,NA,NA
DE114N1,DE114,50.13705,-125.1175,2015-05-21 09:45:00 PDT,3,3,5,5,30,10,5,1,0,0,NA,NA
DE115N2,DE115,50.18217,-125.1493,2015-05-21 13:00:00 PDT,200,30,10,8,50,10,1,1,0,0,NA,NA
DE116N1,DE116,50.31962,-125.0395,2015-05-23 07:00:00 PDT,29,29,0,0,40,10,2,1,1,1,NA,NA
DE117N1,DE117,50.44365,-125.279,2015-05-23 10:15:00 PDT,3000,30,10,2,100,2,0,0,10,1,NA,NA
DE120N2,DE120,50.34655,-125.45602,2015-05-24 08:40:00 PDT,200,30,0,0,300,10,1,1,10,6,NA,NA
DE121N1,DE121,50.30723,-125.33345,2015-05-24 12:10:00 PDT,200,30,2,2,4,4,0,0,1,1,NA,NA
DE124N1,DE124,50.3153,-125.05186,2015-05-25 07:35:00 PDT,200,30,0,0,40,10,0,0,0,0,NA,NA
DE128N4,DE128,50.44466,-125.2804,2015-05-26 08:45:00 PDT,200,30,0,0,10,5,1,1,2,1,NA,NA
DE130N1,DE130,50.30795,-125.32452,2015-05-26 12:29:00 PDT,40,30,0,0,10,10,0,0,0,0,NA,NA
DE137N1,DE137,50.44941,-125.33027,2015-05-28 06:45:00 PDT,30,30,0,0,10,5,0,0,1,1,NA,NA
DE139N1,DE139,50.308839999999996,-125.32275,2015-05-28 11:10:00 PDT,200,30,0,0,10,10,0,0,3,3,NA,NA
DE140N1,DE140,50.10015,-125.27265,2015-05-30 10:19:00 PDT,40,30,0,0,200,10,0,0,0,0,NA,NA
DE143N1,DE143,50.31763,-125.04942,2015-05-31 06:25:00 PDT,2,2,1,1,60,10,0,0,0,0,NA,NA
DE149N1,DE149,50.44527,-125.2774,2015-06-01 06:34:00 PDT,800,30,0,0,2,0,1,1,1,1,NA,NA
DE150N3,DE150,50.34762,-125.45358,2015-06-01 09:32:00 PDT,100,30,1,1,200,10,1,1,1,1,NA,NA
DE151N1,DE151,50.30492,-125.33058,2015-06-01 12:53:00 PDT,500,30,0,0,100,10,0,0,4,3,NA,NA
DE152N3,DE152,50.44217,-125.27406,2015-06-03 06:42:00 PDT,500,30,1,1,300,10,0,0,2,1,NA,NA
DE153N2,DE153,50.34851,-125.44831,2015-06-03 10:21:00 PDT,15,12,0,0,300,10,1,1,0,0,NA,NA
DE154N1,DE154,50.30759,-125.32969,2015-06-03 13:11:00 PDT,40,30,1,1,40,10,0,0,7,7,NA,NA
DE155N1,DE155,50.31954,-125.04247,2015-06-04 06:23:00 PDT,60,29,0,0,2,2,0,0,0,0,NA,NA
DE158N2,DE158,50.07966,-125.24845,2015-06-04 11:32:00 PDT,40,15,20,4,20,3,0,0,0,0,NA,NA
DE160N1,DE160,50.44342,-125.27904,2015-06-05 07:00:00 PDT,25,22,5,3,600,10,0,0,3,1,NA,NA
DE162N1,DE162,50.30771,-125.32864,2015-06-05 10:59:00 PDT,100,30,0,0,200,10,4,1,1,1,NA,NA
DE163N1,DE163,50.19112,-125.14202,2015-06-05 14:00:00 PDT,13,13,0,0,100,10,0,0,1,0,NA,NA
DE168N1,DE168,50.30812,-125.3269,2015-06-07 10:51:00 PDT,40,30,1,1,10,10,0,0,1,1,NA,NA
DE169N2,DE169,50.1915,-125.14292,2015-06-07 14:13:00 PDT,30,30,6,6,70,10,0,0,0,0,NA,NA
DE170N2,DE170,50.30734,-125.33514,2015-06-09 06:34:00 PDT,27,27,1,1,100,10,0,0,3,3,NA,NA
DE173N1,DE173,50.19077,-125.14249,2015-06-09 13:22:00 PDT,200,30,2,2,100,10,7,5,1,0,NA,NA
DE174N1,DE174,50.30806,-125.32972,2015-06-11 09:20:00 PDT,100,30,1,1,100,10,0,0,5,5,NA,NA
DE175N1,DE175,50.19017,-125.14437,2015-06-11 12:05:00 PDT,1,1,3,3,25,10,20,10,0,0,NA,NA
DE182N1,DE182,50.19051,-125.1444,2015-06-13 14:29:00 PDT,23,22,3,3,100,10,6,5,0,0,NA,NA
DE183N2,DE183,50.30767,-125.33023,2015-06-14 07:30:00 PDT,26,26,1,1,200,10,0,0,2,2,NA,NA
DE184N1,DE184,50.347410000000004,-125.45333,2015-06-14 10:58:00 PDT,600,30,10,2,400,10,1,1,0,0,NA,NA
DE192N3,DE192,50.34866,-125.44482000000001,2015-06-16 09:41:00 PDT,200,30,1,1,100,10,1,1,1,0,NA,NA
DE194N1,DE194,50.32119,-125.03856,2015-06-17 11:02:00 PDT,13,12,0,0,18,10,2,2,1,1,NA,NA
DE198N2,DE198,50.34829,-125.45001,2015-06-18 08:05:00 PDT,200,30,0,0,200,10,1,1,20,6,NA,NA
DE199N1,DE199,50.30819,-125.32694,2015-06-18 11:16:00 PDT,50,30,0,0,50,10,0,0,10,10,NA,NA
DE201N1,DE201,50.09809,-125.27142,2015-06-19 10:14:00 PDT,6,5,0,0,300,10,0,0,1,1,NA,NA
DE205N2,DE205,50.34758,-125.4553,2015-06-20 09:33:00 PDT,3,3,2,2,44,10,0,0,0,0,NA,NA
DE206N1,DE206,50.30597,-125.33588,2015-06-20 12:29:00 PDT,200,30,0,0,80,10,2,2,10,10,NA,NA
DE212N2,DE212,50.44949,-125.32427,2015-06-22 07:13:00 PDT,60,30,0,0,200,10,0,0,0,0,NA,NA
DE214N1,DE214,50,-125,2015-06-22 12:27:00 PDT,100,29,7,7,300,10,0,0,4,4,NA,NA
DE217N2,DE217,50.10264,-125.27585,2015-06-23 08:32:00 PDT,6,6,10,4,2000,10,0,0,5,1,NA,NA
DE218N1,DE218,50.44045,-125.27069,2015-06-24 07:05:00 PDT,7,7,0,0,40,10,1,1,1,1,NA,NA
DE219N1,DE219,50.34969,-125.44451,2015-06-24 08:58:00 PDT,9,9,300,10,500,10,0,0,0,0,NA,NA
DE220N1,DE220,50.30698,-125.3259,2015-06-24 11:07:00 PDT,240,30,0,0,5,5,1,1,0,0,NA,NA
DE221N1,DE221,50.30702,-125.33509,2015-06-27 09:22:00 PDT,20,19,20,10,30,10,0,0,0,0,NA,NA
DE225N1,DE225,50.34844,-125.44666,2015-06-29 08:17:00 PDT,50,30,0,0,200,10,0,0,0,0,NA,NA
DE226N2,DE226,50.30764,-125.33348,2015-06-29 10:52:00 PDT,8,8,2,2,80,10,0,0,0,0,NA,NA
DE231N2,DE231,50.30377,-125.33768,2015-07-02 09:47:00 PDT,60,30,8,7,200,10,0,0,20,10,NA,NA
DE234N1,DE234,50.34874,-125.44617,2015-07-05 13:30:00 PDT,1,1,20,10,100,10,0,0,0,0,NA,NA
DE236N1,DE236,50.30641,-125.31584,2015-07-06 06:56:00 PDT,4,4,0,0,50,10,0,0,7,7,NA,NA
DE237N1,DE237,50.34825,-125.44895,2015-07-06 08:43:00 PDT,23,23,100,10,400,10,0,0,0,0,NA,NA
DE238N1,DE238,50.34797,-125.45584,2015-07-07 11:46:00 PDT,18,17,50,10,500,10,0,0,0,0,NA,NA
DE239N2,DE239,50.3079,-125.32955,2015-07-07 14:13:00 PDT,5,5,100,10,100,10,0,0,3,3,NA,NA
DE240N1,DE240,50.30717,-125.33303,2015-07-14 06:50:00 PDT,200,30,1,1,10,8,0,0,0,0,NA,NA
DE241N1,DE241,50.34811,-125.454,2015-07-14 09:33:00 PDT,5,5,200,10,300,10,0,0,1,1,NA,NA
DE255N2,DE255,50.023957,-124.914675,2016-05-13 08:03:00 PDT,400,31,20,10,20,10,0,0,9,9,NA,NA
DE258N1,DE258,49.9865,-125.162953,2016-05-13 14:00:00 PDT,60,30,3,3,1,1,2,2,0,0,NA,NA
DE259N1,DE259,50.237386,-125.12002,2016-05-14 06:25:00 PDT,200,30,1,1,1,1,0,0,11,10,NA,NA
DE260N1,DE260,50.32113,-125.040588,2016-05-14 10:35:00 PDT,2,2,3,3,0,0,1,1,9,9,NA,NA
DE261N1,DE261,50.19304,-125.136573,2016-05-14 13:01:00 PDT,100,30,2,2,3,3,1,1,16,10,NA,NA
DE263N1,DE263,50.243454,-125.398108,2016-05-15 09:50:00 PDT,700,30,20,10,30,10,2,2,30,10,NA,NA
DE267N1,DE267,50.393263,-125.373514,2016-05-16 09:50:00 PDT,500,30,0,0,6,3,1,0,9,6,NA,NA
DE269N2,DE269,50.020465,-124.917743,2016-05-18 06:58:00 PDT,200,30,3,3,10,5,0,0,0,0,NA,NA
DE274N1,DE274,50.319977,-125.042165,2016-05-19 06:56:00 PDT,100,30,3,3,8,8,1,1,0,0,NA,NA
DE275N1,DE275,50.241361,-125.119113,2016-05-19 10:52:00 PDT,600,30,20,10,20,10,1,1,0,0,NA,NA
DE276N1,DE276,50.191099,-125.138578,2016-05-19 14:10:00 PDT,100,30,70,10,70,10,0,0,0,0,NA,NA
DE277N1,DE277,50.30908,-125.325703,2016-05-23 06:30:00 PDT,600,30,40,10,40,10,1,1,0,0,NA,NA
DE278N1,DE278,50.274701,-125.377445,2016-05-23 09:30:00 PDT,600,30,100,10,100,10,0,0,4,4,NA,NA
DE279N2,DE279,50.224106,-125.395004,2016-05-23 13:25:00 PDT,600,30,60,10,60,10,7,7,3,3,NA,NA
DE282N1,DE282,50.392115,-125.374782,2016-05-24 08:44:00 PDT,500,30,4,4,7,4,3,2,0,0,NA,NA
DE287N1,DE287,50.190737,-125.143169,2016-05-26 11:06:00 PDT,600,30,80,10,80,10,0,0,0,0,NA,NA
DE288N1,DE288,50.243773,-125.397476,2016-05-27 07:00:00 PDT,400,30,40,10,20,8,0,0,1,0,NA,NA
DE290N2,DE290,50.304166,-125.333511,2016-05-27 12:32:00 PDT,200,30,9,9,13,10,0,0,4,4,NA,NA
DE292N1,DE292,50.308769,-125.326765,2016-06-01 07:47:00 PDT,200,30,3,3,60,10,0,0,0,0,NA,NA
DE293N1,DE293,50.274055,-125.328828,2016-06-01 10:50:00 PDT,1000,30,100,10,100,10,2,1,13,10,NA,NA
DE294N1,DE294,50.24565,-125.396035,2016-06-01 14:35:00 PDT,50,30,100,10,10,10,0,0,0,0,NA,NA
DE295N1,DE295,50.347739,-125.45463,2016-06-02 07:17:00 PDT,400,30,4,4,100,10,0,0,3,3,NA,NA
DE296N1,DE296,50.386065,-125.376067,2016-06-02 10:38:00 PDT,200,30,6,6,200,10,0,0,0,0,NA,NA
DE297N1,DE297,50.462513,-125.368231,2016-06-02 14:39:00 PDT,300,30,100,4,80,3,0,0,1,0,NA,NA
DE299N1,DE299,50.239953,-125.126574,2016-06-03 08:21:00 PDT,200,30,200,10,200,10,1,1,0,0,NA,NA
DE300N1,DE300,50.190887,-125.143416,2016-06-03 12:45:00 PDT,600,30,100,10,100,10,2,1,0,0,NA,NA
DE301N1,DE301,50.30436,-125.332956,2016-06-07 08:25:00 PDT,80,30,0,0,15,10,0,0,0,0,NA,NA
DE302N1,DE302,50.242671,-125.398265,2016-06-07 13:10:00 PDT,570,30,36,10,80,10,2,1,16,10,NA,NA
DE303N1,DE303,50.347862,-125.455554,2016-06-08 06:40:00 PDT,400,30,100,10,100,10,0,0,0,0,NA,NA
DE305N2,DE305,50.461604,-125.368943,2016-06-08 12:00:00 PDT,100,30,50,10,50,10,1,1,0,0,NA,NA
DE307N1,DE307,50.31794,-125.050807,2016-06-09 07:00:00 PDT,0,0,26,10,40,10,1,1,1,1,NA,NA
DE308N1,DE308,50.190683,-125.143138,2016-06-09 10:30:00 PDT,80,30,60,10,100,4,0,0,0,0,NA,NA
DE310N2,DE310,50.021998,-124.916211,2016-06-11 07:05:00 PDT,1,1,10,8,6,5,0,0,0,0,NA,NA
DE315N1,DE315,50.391225,-125.365332,2016-06-13 09:50:00 PDT,15,15,100,10,80,9,0,0,0,0,NA,NA
DE320N1,DE320,50.235322,-125.39888,2016-06-14 08:47:00 PDT,200,30,400,10,400,10,0,0,0,0,NA,NA
DE321N1,DE321,50.275083,-125.381356,2016-06-14 11:58:00 PDT,6,6,500,10,20,10,0,0,0,0,NA,NA
DE322N1,DE322,50.307203,-125.332605,2016-06-14 14:20:00 PDT,100,30,100,10,200,10,0,0,0,0,NA,NA
DE327N2,DE327,50.191383,-125.143884,2016-06-16 14:00:00 PDT,300,30,100,0,100,0,0,0,0,0,NA,NA
DE327N1,DE327,50.191383,-125.143884,2016-06-16 11:23:00 PDT,100,30,30,10,30,10,0,0,0,0,NA,NA
DE329N2,DE329,50.30661,-125.335266,2016-06-21 09:36:00 PDT,14,14,20,10,30,10,0,0,0,0,NA,NA
DE335N2,DE335,50.382455,-125.373533,2016-06-22 07:00:00 PDT,100,60,200,10,200,10,0,0,0,0,NA,NA
DE338N1,DE338,50.458706,-125.365059,2016-06-22 13:00:00 PDT,50,30,100,10,100,10,0,0,3,3,NA,NA
DE341N1,DE341,50.24043,-125.119941,2016-06-23 10:20:00 PDT,21,21,100,10,200,10,0,0,3,3,NA,NA
DE344N1,DE344,49.997783,-125.15945,2016-06-24 11:45:00 PDT,9,9,70,10,70,10,0,0,3,3,NA,NA
DE352N1,DE352,50.378699,-125.373927,2016-06-30 06:43:00 PDT,6,6,300,10,300,10,0,0,2,2,NA,NA
DE353N1,DE353,50.348081,-125.455923,2016-06-30 09:45:00 PDT,22,22,200,10,40,10,0,0,0,0,NA,NA
DE355N1,DE355,50.462531,-125.359047,2016-06-30 15:15:00 PDT,6,6,70,10,50,10,0,0,0,0,NA,NA
DE360N1,DE360,50.275178,-125.378066,2016-07-06 06:40:00 PDT,24,24,200,10,40,10,0,0,0,0,NA,NA
DE361N2,DE361,50.307066,-125.322977,2016-07-06 10:15:00 PDT,8,8,100,10,100,10,1,1,0,0,NA,NA
DE364N1,DE364,50.18049002,-125.330849,2017-05-23 11:12:00 PDT,0,0,25,4,15,4,0,0,0,0,0,0
DE365N1,DE365,50.309067,-125.3257,2017-05-25 08:50:00 PDT,30,30,2,2,50,10,4,4,0,0,0,0
DE366N1,DE366,50.17999062,-125.0189455,2017-05-26 10:47:00 PDT,168,30,0,0,0,0,5,5,1,1,0,0
DE367N1,DE367,50.309278,-125.320699,2017-05-29 11:43:00 PDT,8,8,1,1,105,10,0,0,1,1,0,0
DE368N1,DE368,50.301803,-125.03049,2017-05-31 12:00:00 PDT,0,0,3,3,56,10,4,4,0,0,1,1
DE369N1,DE369,50.305482,-125.024803,2017-06-01 10:10:00 PDT,11,11,0,0,100,10,0,0,1,1,0,0
DE370N1,DE370,50.274875,-125.376937,2017-06-05 11:15:00 PDT,420,30,20,10,50,10,0,0,3,3,0,0
DE371N1,DE371,50.307761,-125.325384,2017-06-07 08:00:00 PDT,380,30,5,5,160,11,0,0,3,3,0,0
DE372N1,DE372,50.3041,-125.33841,2017-06-12 10:05:00 PDT,85,30,0,0,128,10,0,0,1,1,0,0
DE376N1,DE376,50.274596,-125.377527,2017-06-13 09:10:00 PDT,130,30,0,0,505,10,0,0,3,3,2,2
DE377N1,DE377,50.236254,-125.398402,2017-06-19 08:20:00 PDT,40,30,0,0,320,12,0,0,0,0,0,0
DE378N1,DE378,50.304561,-125.337253,2017-06-20 07:20:00 PDT,10,10,0,0,240,10,0,0,0,0,0,0
DE373N2,DE373,50.297362,-125.339472,2017-06-26 11:52:00 PDT,14,8,0,0,120,0,0,0,0,0,0,0
DE373N1,DE373,50.29725,-125.338485,2017-06-26 09:15:00 PDT,23,23,3,2,285,10,0,0,2,2,0,0
DE374N1,DE374,50.434701,-125.26607,2017-06-28 07:30:00 PDT,10,10,0,0,535,10,0,0,1,1,0,0
DE379N1,DE379,50.237837,-125.396111,2017-07-04 07:45:00 PDT,0,0,0,0,145,10,0,0,0,0,0,0
DE375N1,DE375,50.27485,-125.377707,2017-07-04 11:15:00 PDT,4,3,8,8,1962,10,0,0,2,2,2,1
DE380N1,DE380,50.307981,-125.320206,2017-07-05 07:40:00 PDT,2,2,1,1,126,10,0,0,0,0,0,0
DE381N1,DE381,50.305134,-125.337052,2017-07-10 08:15:00 PDT,0,0,0,0,63,10,0,0,0,0,0,0
JE101N1,JE101,50.50535,-126.24163,2015-05-20 09:50:00 PDT,300,30,1,1,20,10,6,6,4,4,NA,NA
JE102N2,JE102,50.47479,-126.03259,2015-05-21 06:20:00 PDT,100,30,0,0,30,10,3,3,0,0,NA,NA
JE104N1,JE104,50.45614,-126.11933,2015-05-22 06:40:00 PDT,600,30,0,0,1,1,4,4,0,0,NA,NA
JE105N2,JE105,50.48078,-126.41037,2015-05-22 09:40:00 PDT,150,30,0,0,3,3,150,10,0,0,NA,NA
JE106N4,JE106,50.52222,-126.39167,2015-05-22 13:50:00 PDT,150,30,0,0,2,2,10,10,1,1,NA,NA
JE107N2,JE107,50.54648,-126.67096,2015-05-23 06:00:00 PDT,300,30,0,0,0,0,0,0,0,0,NA,NA
JE108N2,JE108,50.54039,-126.78096,2015-05-23 09:00:00 PDT,200,30,0,0,25,10,8,8,5,5,NA,NA
JE109N3,JE109,50.55787,-126.73532,2015-05-23 12:35:00 PDT,1200,30,0,0,20,10,0,0,0,0,NA,NA
JE110N2,JE110,50.60101,-126.70394,2015-05-24 06:25:00 PDT,400,30,0,0,7,7,1,1,0,0,NA,NA
JE112N1,JE112,50.47696,-126.0273,2015-05-24 14:00:00 PDT,400,30,0,0,2,2,0,0,0,0,NA,NA
JE113N1,JE113,50.49853,-126.21348,2015-05-25 05:40:00 PDT,300,30,0,0,150,10,0,0,4,4,NA,NA
JE114N1,JE114,50.52363,-126.39046,2015-05-25 09:50:00 PDT,800,30,2,2,50,10,4,4,0,0,NA,NA
JE115N1,JE115,50.48103,-126.41291,2015-05-25 13:00:00 PDT,40,30,0,0,15,10,1,1,3,3,NA,NA
JE116N1,JE116,50.45622,-126.11838,2015-05-26 05:45:00 PDT,1000,30,0,0,200,10,1,1,5,5,NA,NA
JE117N2,JE117,50.54672,-126.67256,2015-05-26 09:35:00 PDT,1000,30,0,0,30,10,1,1,0,0,NA,NA
JE118N1,JE118,50.53989,-126.78256,2015-05-26 12:55:00 PDT,1500,30,1,1,100,10,0,0,1,1,NA,NA
JE119N1,JE119,50.55951,-126.75326,2015-05-27 06:00:00 PDT,100,30,0,0,30,10,20,10,0,0,NA,NA
JE122N2,JE122,50.53957,-126.7781,2015-05-27 13:15:00 PDT,2000,30,0,0,200,10,10,6,3,2,NA,NA
JE123N3,JE123,50.57078,-126.70066,2015-05-28 05:35:00 PDT,1000,30,0,0,200,10,10,2,10,1,NA,NA
JE126N1,JE126,50.4838,-126.01069,2015-05-29 06:55:00 PDT,40,30,0,0,200,10,1,1,10,6,NA,NA
JE128N2,JE128,50.50733,-126.24336,2015-05-30 06:30:00 PDT,300,30,0,0,300,10,1,1,0,0,NA,NA
JE129N3,JE129,50.45679,-126.16458,2015-05-30 09:25:00 PDT,600,30,0,0,400,10,4,4,5,5,NA,NA
JE131N1,JE131,50.48405,-126.3987,2015-05-30 15:05:00 PDT,1000,30,10,1,300,10,1,1,20,10,NA,NA
JE132N1,JE132,50.52152,-126.40028,2015-05-31 06:45:00 PDT,100,30,0,0,200,10,0,0,3,3,NA,NA
JE133N1,JE133,50.54605,-126.66218,2015-05-31 09:45:00 PDT,400,30,0,0,200,10,0,0,20,10,NA,NA
JE134N1,JE134,50.53808,-126.77494,2015-05-31 12:30:00 PDT,400,30,0,0,100,10,1,1,0,0,NA,NA
JE136N1,JE136,50.60051,-126.70319,2015-06-01 05:30:00 PDT,400,30,0,0,10,5,0,0,0,0,NA,NA
JE137N1,JE137,50.57871,-126.72129,2015-06-01 07:40:00 PDT,25,25,1,1,300,10,5,5,1,1,NA,NA
JE138N1,JE138,50.55853,-126.73145,2015-06-01 12:30:00 PDT,300,30,10,2,100,10,4,4,0,0,NA,NA
JE139N1,JE139,50.50763,-126.24218,2015-06-02 05:20:00 PDT,200,30,0,0,600,10,5,3,0,0,NA,NA
JE140N1,JE140,50.45649,-126.16619,2015-06-02 08:25:00 PDT,500,30,10,2,500,10,0,0,5,5,NA,NA
JE142N1,JE142,50.48189,-126.01128,2015-06-03 06:15:00 PDT,100,30,0,0,100,10,0,0,3,3,NA,NA
JE143N1,JE143,50.48072,-126.40915,2015-06-03 10:15:00 PDT,15000,30,0,0,2000,10,0,0,1,0,NA,NA
JE145N1,JE145,50.53944,-126.78254,2015-06-03 14:55:00 PDT,100,30,0,0,200,10,0,0,5,5,NA,NA
JE146N1,JE146,50.52232,-126.39556,2015-06-04 06:30:00 PDT,300,30,0,0,500,10,0,0,2,2,NA,NA
JE147N1,JE147,50.54216,-126.63511,2015-06-04 10:00:00 PDT,200,30,7,7,300,10,0,0,15,10,NA,NA
JE148N3,JE148,50.5956,-126.69022,2015-06-04 13:40:00 PDT,300,30,1,1,300,10,6,6,0,0,NA,NA
JE149N1,JE149,50.55855,-126.73248,2015-06-05 05:25:00 PDT,300,30,0,0,200,10,1,1,0,0,NA,NA
JE150N1,JE150,50.56784,-126.69728,2015-06-05 08:20:00 PDT,1000,30,3,3,400,10,3,3,2,2,NA,NA
JE152N1,JE152,50.45987,-126.16961,2015-06-06 06:20:00 PDT,100,30,3,3,100,10,0,0,0,0,NA,NA
JE154N1,JE154,50.47794,-126.02803,2015-06-07 05:05:00 PDT,100,30,0,0,200,10,4,4,2,2,NA,NA
JE155N1,JE155,50.49983,-126.20581,2015-06-07 07:45:00 PDT,300,30,0,0,300,10,1,1,0,0,NA,NA
JE157N2,JE157,50.47923,-126.41485,2015-06-07 11:00:00 PDT,200,30,3,3,4000,10,0,0,1,0,NA,NA
JE159N1,JE159,50.539,-126.7781,2015-06-07 14:35:00 PDT,400,29,30,10,600,10,1,1,0,0,NA,NA
JE160N1,JE160,50.52411,-126.39107,2015-06-08 06:05:00 PDT,300,30,2,2,300,10,1,1,3,2,NA,NA
JE161N1,JE161,50.54418,-126.63202,2015-06-08 10:20:00 PDT,200,30,1,1,200,10,0,0,3,2,NA,NA
JE162N1,JE162,50.57687,-126.72184,2015-06-08 13:34:00 PDT,200,30,30,10,300,10,3,3,0,0,NA,NA
JE163N1,JE163,50.59537,-126.69062,2015-06-09 07:00:00 PDT,200,30,0,0,200,10,7,7,2,2,NA,NA
JE165N1,JE165,50.50008,-126.20937,2015-06-11 07:12:00 PDT,500,30,20,10,500,10,0,0,5,3,NA,NA
JE166N1,JE166,50.45951,-126.16958,2015-06-11 11:45:00 PDT,2000,30,50,4,4000,10,0,0,60,10,NA,NA
JE168N1,JE168,50.47959,-126.02629,2015-06-12 05:37:00 PDT,4,4,0,0,50,10,1,1,11,10,NA,NA
JE171N2,JE171,50.53988,-126.78291,2015-06-13 11:50:00 PDT,1000,30,0,0,900,10,6,6,0,0,NA,NA
JE172N4,JE172,50.47679,-126.02843,2015-06-14 08:50:00 PDT,600,30,30,10,600,10,0,0,1,1,NA,NA
JE173N1,JE173,50.45698,-126.16944,2015-06-14 11:20:00 PDT,1000,30,7,7,3000,10,0,0,20,10,NA,NA
JE174N1,JE174,50.49881,-126.21349,2015-06-14 14:05:00 PDT,300,30,2,2,700,10,0,0,0,0,NA,NA
JE175N1,JE175,50.52618,-126.38632,2015-06-15 05:20:00 PDT,7,7,0,0,1000,10,0,0,0,0,NA,NA
JE176N2,JE176,50.48035,-126.41265,2015-06-15 07:50:00 PDT,100,30,60,10,1000,10,0,0,1,0,NA,NA
JE177N2,JE177,50.54719,-126.67487,2015-06-15 11:30:00 PDT,100,30,0,0,500,10,0,0,0,0,NA,NA
JE178N1,JE178,50.55792,-126.73617,2015-06-15 14:00:00 PDT,300,30,40,10,500,10,1,1,6,6,NA,NA
JE179N1,JE179,50.58185,-126.71983,2015-06-16 06:12:00 PDT,100,30,200,10,200,10,0,0,0,0,NA,NA
JE180N2,JE180,50.59549,-126.69036,2015-06-16 08:30:00 PDT,6,6,200,10,400,10,3,2,1,1,NA,NA
JE181N2,JE181,50.54327,-126.81252,2015-06-16 15:30:00 PDT,700,30,200,9,1500,10,8,8,20,10,NA,NA
JE182N1,JE182,50.52491,-126.38617,2015-06-17 06:02:00 PDT,3,3,50,10,300,10,0,0,0,0,NA,NA
JE183N1,JE183,50.47943,-126.41631,2015-06-17 07:51:00 PDT,35,30,4,4,100,10,0,0,2,2,NA,NA
JE184N1,JE184,50.5463,-126.66727,2015-06-17 11:50:00 PDT,3,3,80,10,500,10,0,0,20,10,NA,NA
JE185N1,JE185,50.47909,-126.02584,2015-06-18 05:35:00 PDT,20,20,2,2,300,10,0,0,0,0,NA,NA
JE186N1,JE186,50.45747,-126.16879,2015-06-18 08:47:00 PDT,300,30,2,1,3000,10,1,0,0,0,NA,NA
JE187N1,JE187,50.49921,-126.20961,2015-06-18 11:15:00 PDT,17,17,20,10,300,10,0,0,0,0,NA,NA
JE188N1,JE188,50.58086,-126.72272,2015-06-18 13:23:00 PDT,4,4,200,10,6000,10,0,0,10,4,NA,NA
JE189N2,JE189,50.54362,-126.81951,2015-06-19 06:35:00 PDT,200,30,50,10,1000,10,0,0,1,1,NA,NA
JE190N1,JE190,50.55814,-126.73386,2015-06-19 09:51:00 PDT,200,30,20,10,400,10,0,0,8,8,NA,NA
JE191N1,JE191,50.60263,-126.70188,2015-06-19 14:19:00 PDT,50,30,100,10,200,10,1,1,6,6,NA,NA
JE192N1,JE192,50.5194,-126.40831,2015-06-20 06:20:00 PDT,30,30,200,10,300,10,0,0,4,4,NA,NA
JE193N1,JE193,50.48001,-126.41469,2015-06-20 09:21:00 PDT,5,5,100,10,200,10,0,0,0,0,NA,NA
JE195N1,JE195,50.45804,-126.16997,2015-06-20 15:30:00 PDT,24,24,50,10,250,10,0,0,0,0,NA,NA
JE196N1,JE196,50.4763,-126.02838,2015-06-21 05:55:00 PDT,1200,30,20,9,1500,10,1,1,80,10,NA,NA
JE197N1,JE197,50.49608,-126.21645,2015-06-21 09:07:00 PDT,200,30,1,1,200,10,0,0,2,2,NA,NA
JE198N2,JE198,50.55821,-126.73327,2015-06-21 13:02:00 PDT,100,30,8,8,600,10,0,0,1,1,NA,NA
JE199N2,JE199,50.54774,-126.67774,2015-06-23 06:20:00 PDT,50,30,20,10,300,10,1,1,5,5,NA,NA
JE200N1,JE200,50.58209,-126.71978,2015-06-23 09:36:00 PDT,18,18,2,2,200,10,0,0,0,0,NA,NA
JE201N3,JE201,50.60237,-126.70219,2015-06-23 12:30:00 PDT,18,18,10,10,70,10,0,0,0,0,NA,NA
JE202N1,JE202,50.54414,-126.81843,2015-06-23 15:45:00 PDT,500,30,300,10,300,10,2,2,30,10,NA,NA
JE203N1,JE203,50.47705,-126.02871,2015-06-24 05:30:00 PDT,8,8,20,10,200,10,1,1,70,10,NA,NA
JE204N2,JE204,50.45524,-126.11718,2015-06-24 08:05:00 PDT,37,29,4,4,13,10,0,0,0,0,NA,NA
JE205N1,JE205,50.49837,-126.21404,2015-06-24 10:20:00 PDT,60,30,20,10,400,10,0,0,1,1,NA,NA
JE206N2,JE206,50.4787,-126.41567,2015-06-24 13:55:00 PDT,19,19,100,10,300,10,0,0,300,10,NA,NA
JE207N2,JE207,50.55961,-126.7542,2015-06-27 07:00:00 PDT,10,10,115,10,115,10,4,4,0,0,NA,NA
JE208N2,JE208,50.58165,-126.71952,2015-06-27 11:15:00 PDT,10,10,100,10,400,10,0,0,2,2,NA,NA
JE209N1,JE209,50.5438,-126.81988,2015-06-27 15:00:00 PDT,100,30,800,10,1200,10,0,0,10,10,NA,NA
JE210N2,JE210,50.60255,-126.70201,2015-06-28 06:05:00 PDT,0,0,300,10,200,10,20,10,5,5,NA,NA
JE211N1,JE211,50.54277,-126.64149,2015-06-28 10:50:00 PDT,0,0,100,10,100,10,1,1,15,10,NA,NA
JE212N1,JE212,50.47895,-126.41667,2015-06-29 05:45:00 PDT,0,0,100,10,100,10,0,0,2,2,NA,NA
JE213N1,JE213,50.45942,-126.16916,2015-06-29 08:40:00 PDT,400,30,100,10,500,10,0,0,6,5,NA,NA
JE216N1,JE216,50.55809,-126.73246,2015-07-01 06:50:00 PDT,3,4,20,10,400,10,0,0,2,2,NA,NA
JE217N1,JE217,50.54703,-126.67197,2015-07-01 08:40:00 PDT,3,3,60,10,8,8,0,0,5,5,NA,NA
JE218N1,JE218,50.54329,-126.8169,2015-07-01 13:00:00 PDT,40,30,200,10,100,10,10,3,20,10,NA,NA
JE231N1,JE231,50.506881,-126.247378,2016-05-20 11:43:00 PDT,2000,30,1,1,2,2,0,0,0,0,NA,NA
JE233N1,JE233,50.473969,-126.247378,2016-05-21 05:22:00 PDT,2000,30,0,0,0,0,0,0,1,1,NA,NA
JE234N2,JE234,50.458043,-126.152637,2016-05-21 08:58:00 PDT,150,30,15,10,0,0,1,1,0,0,NA,NA
JE236N1,JE236,50.480359,-126.412275,2016-05-21 14:35:00 PDT,25,25,2,2,0,0,3,3,1,1,NA,NA
JE237N1,JE237,50.543296,-126.816816,2016-05-22 05:06:00 PDT,40,30,20,10,9,9,5,5,1,1,NA,NA
JE238N1,JE238,50.558361,-126.732241,2016-05-22 08:21:00 PDT,300,30,6,6,7,7,0,0,0,0,NA,NA
JE240N1,JE240,50.601718,-126.701857,2016-05-22 12:45:00 PDT,500,30,15,10,8,8,1,1,0,0,NA,NA
JE243N2,JE243,50.522967,-126.377383,2016-05-26 07:50:00 PDT,400,30,5,5,7,7,6,6,0,0,NA,NA
JE244N1,JE244,50.495266,-126.211667,2016-05-26 11:00:00 PDT,400,30,500,10,100,10,0,0,0,0,NA,NA
JE245N2,JE245,50.477037,-126.028592,2016-05-27 05:45:00 PDT,300,30,9,9,30,10,7,7,0,0,NA,NA
JE246N1,JE246,50.4559,-126.1191,2016-05-27 07:55:00 PDT,70,30,0,0,0,0,16,10,0,0,NA,NA
JE248N1,JE248,50.543432,-126.8134,2016-05-27 14:20:00 PDT,400,30,2,2,1,1,1,1,0,0,NA,NA
JE249N1,JE249,50.576696,-126.721158,2016-05-27 16:40:00 PDT,200,30,10,10,50,10,1,1,0,0,NA,NA
JE250N2,JE250,50.60125,-126.704457,2016-05-28 05:15:00 PDT,750,30,6,6,15,10,0,0,0,0,NA,NA
JE251N1,JE251,50.545897,-126.668909,2016-05-28 09:10:00 PDT,100,30,0,0,1,1,85,10,0,0,NA,NA
JE252N1,JE252,50.60125,-126.704457,2016-06-01 10:22:00 PDT,2000,30,100,10,900,10,4,4,7,7,NA,NA
JE253N1,JE253,50.576696,-126.721158,2016-06-01 13:35:00 PDT,18,18,200,10,100,10,0,0,0,0,NA,NA
JE254N1,JE254,50.477038,-126.028566,2016-06-02 05:37:00 PDT,80,30,1,1,5,5,1,1,0,0,NA,NA
JE255N2,JE255,50.543432,-126.8134,2016-06-02 09:49:00 PDT,600,30,6,5,400,10,6,6,1,1,NA,NA
JE256N1,JE256,50.540979,-126.78085,2016-06-02 14:51:00 PDT,300,30,100,10,100,10,0,0,2,2,NA,NA
JE257N1,JE257,50.507301,-126.24325,2016-06-03 13:17:00 PDT,4000,30,300,1,700,10,0,0,1,0,NA,NA
JE258N1,JE258,50.459012,-126.1695,2016-06-03 16:22:00 PDT,400,30,100,10,100,10,0,0,0,0,NA,NA
JE259N3,JE259,50.458983,-126.169594,2016-06-04 06:13:00 PDT,3000,30,0,0,100,10,0,0,0,0,NA,NA
JE261N1,JE261,50.543029,-126.632233,2016-06-04 13:44:00 PDT,700,30,100,10,100,6,2,2,0,0,NA,NA
JE262N1,JE262,50.544941,-126.816489,2016-06-09 07:22:00 PDT,600,29,300,10,300,10,1,1,1,1,NA,NA
JE263N1,JE263,50.55543,-126.724521,2016-06-09 12:26:00 PDT,50,30,50,10,100,10,8,8,0,0,NA,NA
JE264N1,JE264,50.602327,-126.701507,2016-06-09 13:19:00 PDT,200,30,80,10,100,10,2,2,2,2,NA,NA
JE265N1,JE265,50.5771,-126.721684,2016-06-10 05:34:00 PDT,27,22,200,10,200,10,0,0,0,0,NA,NA
JE266N1,JE266,50.547475,-126.676942,2016-06-10 08:07:00 PDT,100,30,50,10,50,2,1,1,0,0,NA,NA
JE267N1,JE267,50.51821,-126.406079,2016-06-10 10:34:00 PDT,200,30,9,9,13,10,0,0,0,0,NA,NA
JE268N1,JE268,50.480214,-126.4142,2016-06-10 13:45:00 PDT,1000,30,2000,10,2000,10,0,0,100,10,NA,NA
JE269N1,JE269,50.476173,-126.029443,2016-06-11 05:13:00 PDT,2000,29,2000,10,2000,10,1,1,2,1,NA,NA
JE270N1,JE270,50.456683,-126.153895,2016-06-11 08:47:00 PDT,300,30,700,10,500,10,0,0,6,5,NA,NA
JE271N1,JE271,50.500269,-126.209365,2016-06-11 11:45:00 PDT,1000,30,200,10,1000,10,0,0,0,0,NA,NA
JE272N2,JE272,50.602051,-126.704553,2016-06-17 07:35:00 PDT,2000,30,100,10,100,7,3,3,3,1,NA,NA
JE273N1,JE273,50.579213,-126.71432,2016-06-17 13:15:00 PDT,80,30,2000,10,1000,10,0,0,1,1,NA,NA
JE274N2,JE274,50.579393,-126.714162,2016-06-18 06:37:00 PDT,100,30,400,10,400,10,7,7,0,0,NA,NA
JE276N1,JE276,50.546326,-126.669166,2016-06-18 13:42:00 PDT,6,6,100,10,20,10,0,0,2,2,NA,NA
JE282N1,JE282,50.506323,-126.241304,2016-06-19 13:20:00 PDT,500,30,3000,10,500,10,0,0,7,7,NA,NA
JE283N1,JE283,50.455728,-126.116461,2016-06-20 05:47:00 PDT,300,30,100,10,100,10,0,0,0,0,NA,NA
JE285N1,JE285,50.55803,-126.73463,2016-06-23 13:20:00 PDT,100,30,100,10,100,10,50,10,5,5,NA,NA
JE286N1,JE286,50.55803,-126.73463,2016-06-23 16:17:00 PDT,27,26,1000,10,700,10,2,2,7,7,NA,NA
JE288N1,JE288,50.6017,-126.70318,2016-06-24 06:30:00 PDT,4,4,20,10,20,10,1,1,0,0,NA,NA
JE290N2,JE290,50.4806,-126.40961,2016-06-24 15:05:00 PDT,10,10,300,10,300,10,0,0,2,2,NA,NA
JE291N1,JE291,50.47508,-126.03392,2016-06-25 05:21:00 PDT,300,30,600,10,300,10,1,1,1,1,NA,NA
JE292N1,JE292,50.45733,-126.16553,2016-06-25 07:52:00 PDT,50,30,400,10,20,10,0,0,0,0,NA,NA
JE293N2,JE293,50.49874,-126.21257,2016-06-25 11:40:00 PDT,28,28,300,10,300,10,0,0,0,0,NA,NA
JE298N1,JE298,50.543818,-126.794456,2016-07-04 13:35:00 PDT,50,15,200,10,200,10,7,7,0,0,NA,NA
JE302N1,JE302,50.456886,-126.162647,2016-07-05 12:45:00 PDT,200,30,300,10,300,10,0,0,1,1,NA,NA
JE303N1,JE303,50.457049,-126.162651,2016-07-06 07:05:00 PDT,22,22,300,10,300,10,2,1,0,0,NA,NA
JE304N2,JE304,50.54522,-126.65949,2017-06-06 08:20:00 PDT,23,23,0,0,59,10,8,8,0,0,0,0
JE305N1,JE305,50.6022,-126.70567,2017-06-06 15:27:00 PDT,600,7,0,0,100,0,100,0,10,0,0,0
JE306N1,JE306,50.5438,-126.80927,2017-06-13 07:10:00 PDT,325,30,0,0,50,10,45,10,0,0,0,0
JE307N1,JE307,50.54411,-126.65398,2017-06-14 06:23:00 PDT,300,30,0,0,250,10,25,10,25,10,1,1
JE308N1,JE308,50.60233,-126.70309,2017-06-20 09:37:00 PDT,200,30,4,1,500,10,5,5,30,10,1,1
JE309N1,JE309,50.54487,-126.81252,2017-06-21 06:37:00 PDT,175,30,0,0,75,10,0,0,2,2,0,0
JE310N2,JE310,50.54582,-126.81618,2017-06-27 11:17:00 PDT,390,4,60,0,660,0,10,0,10,0,0,0
JE310N1,JE310,50.54574,-126.81679,2017-06-27 07:10:00 PDT,26,26,3,3,58,10,2,2,1,1,0,0
JE311N5,JE311,50.60278,-126.70284,2017-06-28 10:27:00 PDT,43,30,15,10,530,10,4,4,5,4,2,2
JE314N1,JE314,50.54372,-126.81769,2017-07-06 06:45:00 PDT,1,1,15,10,580,10,4,2,2,2,0,0
JE312N1,JE312,50.54505,-126.65729,2017-07-07 06:56:00 PDT,0,0,6,6,425,10,0,0,20,10,0,0
DE506N1,DE506,50.18167,-125.1523,2018-05-14 07:25:00 PDT,0,0,30,10,70,10,2,2,0,0,0,0
DE510N1,DE510,50.309206,-125.323291,2018-05-15 10:15:00 PDT,0,0,117,10,217,10,0,0,0,0,0,0
DE516N2,DE516,50.316117,-125.052167,2018-05-17 09:46:00 PDT,0,0,30,10,0,7,15,10,0,0,1,1
JE402N1,JE402,50.53927,-126.78078,2018-05-21 08:49:00 PDT,3,3,0,0,0,0,87,10,6,5,0,0
DE517N2,DE517,50.31006,-125.317963,2018-05-22 08:15:00 PDT,40,30,50,10,10,8,1,1,2,2,0,0
DE531N1,DE531,50.271333,-125.368,2018-05-23 09:00:00 PDT,1564,30,1956,10,391,4,0,0,2,2,1,0
DE512N1,DE512,50.316807,-125.050581,2018-05-24 10:06:00 PDT,0,0,8,8,9,9,0,0,0,0,0,0
DE513N2,DE513,50.30705,-125.332333,2018-05-28 08:00:00 PDT,189,30,21,5,10,10,0,0,4,0,2,0
DE519N1,DE519,50.27045,-125.3656,2018-05-29 07:35:00 PDT,8,3,104,10,21,10,0,0,0,0,0,0
DE514N1,DE514,50.440686,-125.294356,2018-05-30 09:00:00 PDT,4,4,24,10,266,10,0,0,0,0,1,1
JE417N1,JE417,50.54342,-126.81474,2018-05-31 07:22:00 PDT,146,30,49,10,39,10,20,10,0,0,1,0
JE418N1,JE418,50.54561,-126.66166,2018-06-03 06:57:00 PDT,113,30,28,10,22,10,1,1,5,5,0,0
DE520N3,DE520,50.306917,-125.3288,2018-06-04 08:35:00 PDT,8,8,56,10,56,10,0,0,0,0,0,0
DE521N1,DE521,50.267967,-125.358733,2018-06-05 06:50:00 PDT,48,24,302,10,132,10,0,0,55,6,0,0
JE414N1,JE414,50.54387,-126.80852,2018-06-07 07:03:00 PDT,488,30,203,10,81,10,33,3,8,0,0,0
DE522N1,DE522,50.443485,-125.28775,2018-06-07 07:43:00 PDT,450,30,1060,10,1060,10,30,0,460,10,0,0
DE523N3,DE523,50.30345,-125.33885,2018-06-11 08:45:00 PDT,31,26,340,10,150,10,2,0,1,0,0,0
JE415N2,JE415,50.60197,-126.70232,2018-06-12 07:41:00 PDT,8,8,26,10,22,10,0,0,3,0,0,0
DE525N1,DE525,50.233733,-125.395717,2018-06-12 11:15:00 PDT,20,0,4060,10,1740,10,1,0,6,0,0,0
JE419N1,JE419,50.54416,-126.80831,2018-06-14 07:25:00 PDT,27,16,537,10,537,10,0,0,10,0,0,0
DE527N3,DE527,50.308417,-125.3309,2018-06-18 09:10:00 PDT,0,0,513,10,37,10,0,0,0,0,0,0
DE530N2,DE530,50.239,-125.401233,2018-06-19 10:51:00 PDT,0,0,613,10,412,10,0,0,1,0,1,1
JE420N1,JE420,50.60216,-126.70131,2018-06-20 09:34:00 PDT,8,8,46,10,34,10,0,0,0,0,0,0
DE532N3,DE532,50.435,-125.263767,2018-06-20 09:45:00 PDT,15,10,1242,10,2288,10,0,0,9,9,0,0
JE421N2,JE421,50.54314,-126.81464,2018-06-21 12:14:00 PDT,376,13,909,0,545,0,0,0,0,0,0,0
JE421N1,JE421,50.54372,-126.81902,2018-06-21 08:24:00 PDT,17,17,359,10,359,10,0,0,19,10,0,0
JE422N2,JE422,50.54267,-126.65017,2018-06-23 10:28:00 PDT,12,12,131,0,87,0,0,0,1,1,0,0
JE422N1,JE422,50.54477,-126.65859,2018-06-23 07:18:00 PDT,5,5,219,10,99,10,3,1,0,0,0,0
DE533N2,DE533,50.29995,-125.341167,2018-06-25 09:14:00 PDT,0,0,78,10,17,10,0,0,0,0,0,0
DE534N2,DE534,50.26815,-125.360967,2018-06-26 08:55:00 PDT,1,1,212,10,12,10,0,0,0,0,1,1
DE535N1,DE535,50.438867,-125.267883,2018-06-27 07:20:00 PDT,0,0,183,10,68,10,0,0,0,0,0,0
DE536N1,DE536,50.298867,-125.337917,2018-06-27 11:00:00 PDT,2,2,100,0,151,1,0,0,0,0,0,0
JE423N2,JE423,50.54343,-126.81577,2018-06-28 08:59:00 PDT,4,4,297,0,208,10,0,0,0,0,1,1
JE423N1,JE423,50.54327,-126.81796,2018-06-28 06:50:00 PDT,1,1,45,10,3,0,0,0,0,0,0,0
DE537N1,DE537,50.3092,-125.325,2018-07-03 07:09:00 PDT,0,0,85,10,1,1,0,0,0,0,0,0
JE426N1,JE426,50.54591,-126.6658,2018-07-03 07:14:00 PDT,1,1,185,10,185,10,0,0,1,1,0,0
DE538N2,DE538,50.268783,-125.358283,2018-07-04 07:55:00 PDT,0,0,6,6,1,1,0,0,1,1,2,2
JE427N1,JE427,50.54367,-126.81252,2018-07-04 07:14:00 PDT,0,0,198,10,136,10,0,0,0,0,0,0
DE539N2,DE539,50.435883,-125.264217,2018-07-05 07:45:00 PDT,0,0,168,10,77,10,0,0,0,0,0,0
JE428N1,JE428,50.54549,-126.6642,2018-07-09 06:51:00 PDT,1,1,179,10,52,10,1,1,0,0,0,0
JE429N1,JE429,50.54308,-126.81553,2018-07-09 09:45:00 PDT,1,1,209,10,60,10,0,0,0,0,0,0
DE540N1,DE540,50.309033,-125.323467,2018-07-17 08:28:00 PDT,0,0,50,10,0,0,0,0,0,0,1,1
DE541N1,DE541,50.30655,-125.33625,2018-08-01 08:50:00 PDT,0,0,110,10,6,6,0,0,0,0,0,0
DE607N1,DE607,50.31025,-125.320467,2019-05-21 09:00:00 PDT,1498,30,0,0,18,3,2,1,2,0,3,1
DE608N1,DE608,50.2688,-125.357533,2019-05-22 08:25:00 PDT,0,0,456,10,3,3,0,0,0,0,0,0
DE609N1,DE609,50.442683,-125.277333,2019-05-23 08:30:00 PDT,90,30,0,0,0,0,1,1,0,0,0,0
JE506N1,JE506,50.54025,-126.78289,2019-05-26 07:16:00 PDT,195,10,0,0,528,10,37,0,0,0,0,0
DE610N1,DE610,50.305683,-125.3377,2019-05-25 07:35:00 PDT,1667,30,1,1,0,0,0,0,0,0,0,0
DE612N1,DE612,50.2692,-125.360867,2019-05-26 06:53:00 PDT,2,2,4690,10,523,3,0,0,0,0,1,1
DE613N3,DE613,50.2453,-125.395267,2019-05-26 11:40:00 PDT,5,5,0,0,7,7,1,1,0,0,0,0
DE616N1,DE616,50.45645,-125.2677,2019-05-27 09:55:00 PDT,215,30,0,0,91,11,1,1,6,6,0,0
DE614N3,DE614,50.304033,-125.3394,2019-05-28 08:25:00 PDT,280,30,14,10,6,6,1,0,1,1,0,0
JE508N1,JE508,50.60181,-126.70432,2019-05-29 08:40:00 PDT,2868,30,0,0,34,5,0,0,39,10,0,0
JE509N2,JE509,50.54062,-126.78237,2019-05-30 07:59:00 PDT,201,30,0,0,2,2,0,0,6,6,0,0
DE617N1,DE617,50.275033,-125.378217,2019-05-29 06:55:00 PDT,3,3,760,10,6,6,0,0,0,0,2,2
JE510N3,JE510,50.54615,-126.6701,2019-05-31 08:40:00 PDT,71,30,0,0,16,10,12,1,24,10,0,0
DE619N2,DE619,50.45715,-125.268117,2019-05-30 10:15:00 PDT,801,33,0,0,18,10,0,0,4,3,0,0
DE620N1,DE620,50.271417,-125.366183,2019-06-01 07:30:00 PDT,1,1,288,10,428,10,0,0,0,0,1,1
DE626N1,DE626,50.3055,-125.3351,2019-06-05 07:14:00 PDT,72,31,73,10,71,10,0,0,1,1,0,0
DE621N2,DE621,50.308533,-125.3281,2019-06-02 07:50:00 PDT,42,30,604,10,604,10,1,1,6,3,0,0
JE511N1,JE511,50.53986,-126.77921,2019-06-05 05:56:00 PDT,505,10,0,0,55,0,0,0,0,0,0,0
JE514N1,JE514,50.54037,-126.78188,2019-06-06 06:06:00 PDT,280,30,0,0,30,2,0,0,3,0,0,0
JE515N1,JE515,50.6018,-126.70077,2019-06-06 12:15:00 PDT,7,7,0,0,8,8,15,10,2,2,0,0
JE516N1,JE516,50.5447,-126.66235,2019-06-09 06:45:00 PDT,58,30,0,0,37,10,2,2,0,0,0,0
JE517N1,JE517,50.54026,-126.78209,2019-06-10 07:06:00 PDT,81,30,0,0,51,10,0,0,1,1,0,0
DE623N1,DE623,50.457167,-125.262433,2019-06-03 08:28:00 PDT,80,30,0,0,0,0,0,0,1,1,0,0
DE624N1,DE624,50.274683,-125.377683,2019-06-04 07:30:00 PDT,1,1,273,10,122,10,0,0,0,0,0,0
DE627N1,DE627,50.44365,-125.27435,2019-06-06 08:10:00 PDT,35,30,0,0,46,10,1,0,1,0,0,0
DE628N3,DE628,50.303733,-125.3323,2019-06-10 07:40:00 PDT,68,30,0,0,67,10,1,0,1,1,0,0
JE518N1,JE518,50.54608,-126.66772,2019-06-11 07:12:00 PDT,73,30,0,0,397,10,0,0,3,2,0,0
DE629N1,DE629,50.2772,-125.376983,2019-06-11 07:00:00 PDT,3,3,165,10,385,11,0,0,0,0,0,0
DE630N1,DE630,50.243817,-125.3971,2019-06-11 09:55:00 PDT,180,30,2,2,235,10,0,0,3,3,0,0
DE631N1,DE631,50.43845,-125.267033,2019-06-12 07:50:00 PDT,11,11,0,0,53,10,1,0,0,0,0,0
JE519N1,JE519,50.5392,-126.77885,2019-06-16 07:50:00 PDT,155,30,10,10,135,10,5,5,9,7,0,0
DE632N2,DE632,50.30785,-125.329683,2019-06-17 07:50:00 PDT,13,13,115,12,78,10,0,0,6,3,1,1
DE633N2,DE633,50.275117,-125.37835,2019-06-18 08:05:00 PDT,0,0,175,10,175,10,0,0,0,0,0,0
DE634N1,DE634,50.456533,-125.268783,2019-06-20 08:28:00 PDT,12,12,116,10,256,10,1,0,1,1,1,1
DE636N2,DE636,50.309833,-125.330533,2019-06-24 07:43:00 PDT,1,1,254,11,463,10,0,0,0,0,3,3
JE522N2,JE522,50.53825,-126.77136,2019-06-24 07:32:00 PDT,14,14,46,10,94,10,0,0,3,3,0,0
DE638N1,DE638,50.272117,-125.37515,2019-06-25 06:44:00 PDT,0,0,1,1,58,10,0,0,0,0,0,0
DE639N2,DE639,50.23995,-125.396583,2019-06-25 09:30:00 PDT,39,4,80,10,253,8,0,0,3,0,3,0
DE641N2,DE641,50.457617,-125.2586,2019-06-26 08:50:00 PDT,0,0,3873,11,213,10,0,0,2,1,0,0
JE524N2,JE524,50.60129,-126.70315,2019-06-28 11:10:00 PDT,2,2,0,0,51,11,0,0,6,6,0,0
JE525N2,JE525,50.53973,-126.77827,2019-06-29 07:26:00 PDT,1,1,90,10,130,10,0,0,4,4,0,0
DE642N2,DE642,50.304533,-125.336083,2019-07-02 07:43:00 PDT,3,3,10,10,194,10,1,1,4,4,0,0
DE642N3,DE642,50.308817,-125.325983,2019-07-02 11:24:00 PDT,17,14,440,0,440,1,0,0,3,0,0,0
DE643N1,DE643,50.2727,-125.376983,2019-07-03 06:59:00 PDT,0,0,76,10,165,10,0,0,1,1,1,1
DE644N3,DE644,50.23085,-125.394533,2019-07-03 10:59:00 PDT,0,0,34,10,72,0,0,0,0,0,0,0
JE526N1,JE526,50.54523,-126.66216,2019-07-04 07:12:00 PDT,2,2,67,10,144,11,1,0,0,0,1,1
DE646N3,DE646,50.456867,-125.26715,2019-07-04 10:14:00 PDT,5,5,2,2,421,12,1,1,0,0,0,0
JE527N1,JE527,50.53932,-126.78125,2019-07-06 07:48:00 PDT,2,2,117,10,258,10,0,0,0,0,0,0
DE647N3,DE647,50.312667,-125.32365,2019-07-08 07:43:00 PDT,1,1,72,10,105,12,0,0,4,4,0,0
DE648N1,DE648,50.26936667,-125.3628167,2019-07-09 06:27:00 PDT,0,0,72,10,43,10,0,0,8,8,0,0
JE528N2,JE528,50.54428,-126.6545,2019-07-09 07:35:00 PDT,5,5,78,10,280,10,0,0,11,10,0,0
JE529N3,JE529,50.54053,-126.78,2019-07-11 08:50:00 PDT,3,3,142,10,320,12,1,0,4,4,0,0
DE651N1,DE651,50.4573,-125.265333,2019-07-11 08:51:00 PDT,1,1,148,10,45,10,0,0,10,10,0,0
DE652N1,DE652,50.308483,-125.324317,2019-07-22 08:20:00 PDT,2,2,71,10,10,10,0,0,0,0,0,0
